Run,File_name,AGE,Assay.Type,Genotype,chip_antibody,tissue_type,genome_build,bam_url,bai_url,bw_url
SRR4252660,ChIP_BRD4_A_11_1,A_11_1,ChIP,WT,BRD4,retina,mm10,https://aldiri-2017-retina-epigenome.s3.us-east-2.amazonaws.com/ChIP/bam/BRD4/ChIP_BRD4_A_11_1.bam,https://aldiri-2017-retina-epigenome.s3.us-east-2.amazonaws.com/ChIP/bam/BRD4/ChIP_BRD4_A_11_1.bam.bai,https://aldiri-2017-retina-epigenome.s3.us-east-2.amazonaws.com/ChIP/bigwig/ChIP_BRD4_A_11_1.bw
SRR4252687,ChIP_CTCF_A_11_2,A_11_2,ChIP,WT,CTCF,retina,mm10,https://aldiri-2017-retina-epigenome.s3.us-east-2.amazonaws.com/ChIP/bam/CTCF/ChIP_CTCF_A_11_2.bam,https://aldiri-2017-retina-epigenome.s3.us-east-2.amazonaws.com/ChIP/bam/CTCF/ChIP_CTCF_A_11_2.bam.bai,https://aldiri-2017-retina-epigenome.s3.us-east-2.amazonaws.com/ChIP/bigwig/ChIP_CTCF_A_11_2.bw
SRR4252688,ChIP_CTCF_A_11_3,A_11_3,ChIP,WT,CTCF,retina,mm10,https://aldiri-2017-retina-epigenome.s3.us-east-2.amazonaws.com/ChIP/bam/CTCF/ChIP_CTCF_A_11_3.bam,https://aldiri-2017-retina-epigenome.s3.us-east-2.amazonaws.com/ChIP/bam/CTCF/ChIP_CTCF_A_11_3.bam.bai,https://aldiri-2017-retina-epigenome.s3.us-east-2.amazonaws.com/ChIP/bigwig/ChIP_CTCF_A_11_3.bw
SRR4252716,ChIP_H3K27Ac_A_11_4,A_11_4,ChIP,WT,H3K27Ac,retina,mm10,https://aldiri-2017-retina-epigenome.s3.us-east-2.amazonaws.com/ChIP/bam/H3K27Ac/ChIP_H3K27Ac_A_11_4.bam,https://aldiri-2017-retina-epigenome.s3.us-east-2.amazonaws.com/ChIP/bam/H3K27Ac/ChIP_H3K27Ac_A_11_4.bam.bai,https://aldiri-2017-retina-epigenome.s3.us-east-2.amazonaws.com/ChIP/bigwig/ChIP_H3K27Ac_A_11_4.bw
SRR4252717,ChIP_H3K27Ac_A_11_5,A_11_5,ChIP,WT,H3K27Ac,retina,mm10,https://aldiri-2017-retina-epigenome.s3.us-east-2.amazonaws.com/ChIP/bam/H3K27Ac/ChIP_H3K27Ac_A_11_5.bam,https://aldiri-2017-retina-epigenome.s3.us-east-2.amazonaws.com/ChIP/bam/H3K27Ac/ChIP_H3K27Ac_A_11_5.bam.bai,https://aldiri-2017-retina-epigenome.s3.us-east-2.amazonaws.com/ChIP/bigwig/ChIP_H3K27Ac_A_11_5.bw
SRR4252742,ChIP_H3K27me3_A_11_6,A_11_6,ChIP,WT,H3K27me3,retina,mm10,https://aldiri-2017-retina-epigenome.s3.us-east-2.amazonaws.com/ChIP/bam/H3K27me3/ChIP_H3K27me3_A_11_6.bam,https://aldiri-2017-retina-epigenome.s3.us-east-2.amazonaws.com/ChIP/bam/H3K27me3/ChIP_H3K27me3_A_11_6.bam.bai,https://aldiri-2017-retina-epigenome.s3.us-east-2.amazonaws.com/ChIP/bigwig/ChIP_H3K27me3_A_11_6.bw
SRR4252743,ChIP_H3K27me3_A_11_7,A_11_7,ChIP,WT,H3K27me3,retina,mm10,https://aldiri-2017-retina-epigenome.s3.us-east-2.amazonaws.com/ChIP/bam/H3K27me3/ChIP_H3K27me3_A_11_7.bam,https://aldiri-2017-retina-epigenome.s3.us-east-2.amazonaws.com/ChIP/bam/H3K27me3/ChIP_H3K27me3_A_11_7.bam.bai,https://aldiri-2017-retina-epigenome.s3.us-east-2.amazonaws.com/ChIP/bigwig/ChIP_H3K27me3_A_11_7.bw
SRR4252746,ChIP_H3K27me3_A_11_8,A_11_8,ChIP,WT,H3K27me3,retina,mm10,https://aldiri-2017-retina-epigenome.s3.us-east-2.amazonaws.com/ChIP/bam/H3K27me3/ChIP_H3K27me3_A_11_8.bam,https://aldiri-2017-retina-epigenome.s3.us-east-2.amazonaws.com/ChIP/bam/H3K27me3/ChIP_H3K27me3_A_11_8.bam.bai,https://aldiri-2017-retina-epigenome.s3.us-east-2.amazonaws.com/ChIP/bigwig/ChIP_H3K27me3_A_11_8.bw
SRR4252747,ChIP_H3K27me3_A_11_9,A_11_9,ChIP,WT,H3K27me3,retina,mm10,https://aldiri-2017-retina-epigenome.s3.us-east-2.amazonaws.com/ChIP/bam/H3K27me3/ChIP_H3K27me3_A_11_9.bam,https://aldiri-2017-retina-epigenome.s3.us-east-2.amazonaws.com/ChIP/bam/H3K27me3/ChIP_H3K27me3_A_11_9.bam.bai,https://aldiri-2017-retina-epigenome.s3.us-east-2.amazonaws.com/ChIP/bigwig/ChIP_H3K27me3_A_11_9.bw
SRR4252774,ChIP_H3K36me3_A_11_10,A_11_10,ChIP,WT,H3K36me3,retina,mm10,https://aldiri-2017-retina-epigenome.s3.us-east-2.amazonaws.com/ChIP/bam/H3K36me3/ChIP_H3K36me3_A_11_10.bam,https://aldiri-2017-retina-epigenome.s3.us-east-2.amazonaws.com/ChIP/bam/H3K36me3/ChIP_H3K36me3_A_11_10.bam.bai,https://aldiri-2017-retina-epigenome.s3.us-east-2.amazonaws.com/ChIP/bigwig/ChIP_H3K36me3_A_11_10.bw
SRR4252775,ChIP_H3K36me3_A_11_11,A_11_11,ChIP,WT,H3K36me3,retina,mm10,https://aldiri-2017-retina-epigenome.s3.us-east-2.amazonaws.com/ChIP/bam/H3K36me3/ChIP_H3K36me3_A_11_11.bam,https://aldiri-2017-retina-epigenome.s3.us-east-2.amazonaws.com/ChIP/bam/H3K36me3/ChIP_H3K36me3_A_11_11.bam.bai,https://aldiri-2017-retina-epigenome.s3.us-east-2.amazonaws.com/ChIP/bigwig/ChIP_H3K36me3_A_11_11.bw
SRR4252802,ChIP_H3K4me1_A_11_12,A_11_12,ChIP,WT,H3K4me1,retina,mm10,https://aldiri-2017-retina-epigenome.s3.us-east-2.amazonaws.com/ChIP/bam/H3K4me1/ChIP_H3K4me1_A_11_12.bam,https://aldiri-2017-retina-epigenome.s3.us-east-2.amazonaws.com/ChIP/bam/H3K4me1/ChIP_H3K4me1_A_11_12.bam.bai,https://aldiri-2017-retina-epigenome.s3.us-east-2.amazonaws.com/ChIP/bigwig/ChIP_H3K4me1_A_11_12.bw
SRR4252803,ChIP_H3K4me1_A_11_13,A_11_13,ChIP,WT,H3K4me1,retina,mm10,https://aldiri-2017-retina-epigenome.s3.us-east-2.amazonaws.com/ChIP/bam/H3K4me1/ChIP_H3K4me1_A_11_13.bam,https://aldiri-2017-retina-epigenome.s3.us-east-2.amazonaws.com/ChIP/bam/H3K4me1/ChIP_H3K4me1_A_11_13.bam.bai,https://aldiri-2017-retina-epigenome.s3.us-east-2.amazonaws.com/ChIP/bigwig/ChIP_H3K4me1_A_11_13.bw
SRR4252830,ChIP_H3K4me2_A_11_14,A_11_14,ChIP,WT,H3K4me2,retina,mm10,https://aldiri-2017-retina-epigenome.s3.us-east-2.amazonaws.com/ChIP/bam/H3K4me2/ChIP_H3K4me2_A_11_14.bam,https://aldiri-2017-retina-epigenome.s3.us-east-2.amazonaws.com/ChIP/bam/H3K4me2/ChIP_H3K4me2_A_11_14.bam.bai,https://aldiri-2017-retina-epigenome.s3.us-east-2.amazonaws.com/ChIP/bigwig/ChIP_H3K4me2_A_11_14.bw
SRR4252831,ChIP_H3K4me2_A_11_15,A_11_15,ChIP,WT,H3K4me2,retina,mm10,https://aldiri-2017-retina-epigenome.s3.us-east-2.amazonaws.com/ChIP/bam/H3K4me2/ChIP_H3K4me2_A_11_15.bam,https://aldiri-2017-retina-epigenome.s3.us-east-2.amazonaws.com/ChIP/bam/H3K4me2/ChIP_H3K4me2_A_11_15.bam.bai,https://aldiri-2017-retina-epigenome.s3.us-east-2.amazonaws.com/ChIP/bigwig/ChIP_H3K4me2_A_11_15.bw
SRR4252858,ChIP_H3K4me3_A_11_16,A_11_16,ChIP,WT,H3K4me3,retina,mm10,https://aldiri-2017-retina-epigenome.s3.us-east-2.amazonaws.com/ChIP/bam/H3K4me3/ChIP_H3K4me3_A_11_16.bam,https://aldiri-2017-retina-epigenome.s3.us-east-2.amazonaws.com/ChIP/bam/H3K4me3/ChIP_H3K4me3_A_11_16.bam.bai,https://aldiri-2017-retina-epigenome.s3.us-east-2.amazonaws.com/ChIP/bigwig/ChIP_H3K4me3_A_11_16.bw
SRR4252859,ChIP_H3K4me3_A_11_17,A_11_17,ChIP,WT,H3K4me3,retina,mm10,https://aldiri-2017-retina-epigenome.s3.us-east-2.amazonaws.com/ChIP/bam/H3K4me3/ChIP_H3K4me3_A_11_17.bam,https://aldiri-2017-retina-epigenome.s3.us-east-2.amazonaws.com/ChIP/bam/H3K4me3/ChIP_H3K4me3_A_11_17.bam.bai,https://aldiri-2017-retina-epigenome.s3.us-east-2.amazonaws.com/ChIP/bigwig/ChIP_H3K4me3_A_11_17.bw
SRR4252887,ChIP_H3K9-14Ac_A_11_18,A_11_18,ChIP,WT,H3K9-14Ac,retina,mm10,https://aldiri-2017-retina-epigenome.s3.us-east-2.amazonaws.com/ChIP/bam/H3K9-14Ac/ChIP_H3K9-14Ac_A_11_18.bam,https://aldiri-2017-retina-epigenome.s3.us-east-2.amazonaws.com/ChIP/bam/H3K9-14Ac/ChIP_H3K9-14Ac_A_11_18.bam.bai,https://aldiri-2017-retina-epigenome.s3.us-east-2.amazonaws.com/ChIP/bigwig/ChIP_H3K9-14Ac_A_11_18.bw
SRR4252888,ChIP_H3K9-14Ac_A_11_19,A_11_19,ChIP,WT,H3K9-14Ac,retina,mm10,https://aldiri-2017-retina-epigenome.s3.us-east-2.amazonaws.com/ChIP/bam/H3K9-14Ac/ChIP_H3K9-14Ac_A_11_19.bam,https://aldiri-2017-retina-epigenome.s3.us-east-2.amazonaws.com/ChIP/bam/H3K9-14Ac/ChIP_H3K9-14Ac_A_11_19.bam.bai,https://aldiri-2017-retina-epigenome.s3.us-east-2.amazonaws.com/ChIP/bigwig/ChIP_H3K9-14Ac_A_11_19.bw
SRR4252906,ChIP_H3K9me3_A_11_20,A_11_20,ChIP,WT,H3K9me3,retina,mm10,https://aldiri-2017-retina-epigenome.s3.us-east-2.amazonaws.com/ChIP/bam/H3K9me3/ChIP_H3K9me3_A_11_20.bam,https://aldiri-2017-retina-epigenome.s3.us-east-2.amazonaws.com/ChIP/bam/H3K9me3/ChIP_H3K9me3_A_11_20.bam.bai,https://aldiri-2017-retina-epigenome.s3.us-east-2.amazonaws.com/ChIP/bigwig/ChIP_H3K9me3_A_11_20.bw
SRR4252924,ChIP_RNAPolII_A_11_21,A_11_21,ChIP,WT,RNAPolll,retina,mm10,https://aldiri-2017-retina-epigenome.s3.us-east-2.amazonaws.com/ChIP/bam/RNAPolll/ChIP_RNAPolII_A_11_21.bam,https://aldiri-2017-retina-epigenome.s3.us-east-2.amazonaws.com/ChIP/bam/RNAPolll/ChIP_RNAPolII_A_11_21.bam.bai,https://aldiri-2017-retina-epigenome.s3.us-east-2.amazonaws.com/ChIP/bigwig/ChIP_RNAPolII_A_11_21.bw
SRR4252953,ChIP_INPUT_A_11_22,A_11_22,ChIP,WT,INPUT,retina,mm10,https://aldiri-2017-retina-epigenome.s3.us-east-2.amazonaws.com/ChIP/bam/INPUT/ChIP_INPUT_A_11_22.bam,https://aldiri-2017-retina-epigenome.s3.us-east-2.amazonaws.com/ChIP/bam/INPUT/ChIP_INPUT_A_11_22.bam.bai,https://aldiri-2017-retina-epigenome.s3.us-east-2.amazonaws.com/ChIP/bigwig/ChIP_INPUT_A_11_22.bw
SRR4252954,ChIP_INPUT_A_11_23,A_11_23,ChIP,WT,INPUT,retina,mm10,https://aldiri-2017-retina-epigenome.s3.us-east-2.amazonaws.com/ChIP/bam/INPUT/ChIP_INPUT_A_11_23.bam,https://aldiri-2017-retina-epigenome.s3.us-east-2.amazonaws.com/ChIP/bam/INPUT/ChIP_INPUT_A_11_23.bam.bai,https://aldiri-2017-retina-epigenome.s3.us-east-2.amazonaws.com/ChIP/bigwig/ChIP_INPUT_A_11_23.bw
SRR4252650,ChIP_BRD4_E_14.5_1,E_14.5_1,ChIP,WT,BRD4,retina,mm10,https://aldiri-2017-retina-epigenome.s3.us-east-2.amazonaws.com/ChIP/bam/BRD4/ChIP_BRD4_E_14.5_1.bam,https://aldiri-2017-retina-epigenome.s3.us-east-2.amazonaws.com/ChIP/bam/BRD4/ChIP_BRD4_E_14.5_1.bam.bai,https://aldiri-2017-retina-epigenome.s3.us-east-2.amazonaws.com/ChIP/bigwig/ChIP_BRD4_E_14.5_1.bw
SRR4252669,ChIP_CTCF_E_14.5_2,E_14.5_2,ChIP,WT,CTCF,retina,mm10,https://aldiri-2017-retina-epigenome.s3.us-east-2.amazonaws.com/ChIP/bam/CTCF/ChIP_CTCF_E_14.5_2.bam,https://aldiri-2017-retina-epigenome.s3.us-east-2.amazonaws.com/ChIP/bam/CTCF/ChIP_CTCF_E_14.5_2.bam.bai,https://aldiri-2017-retina-epigenome.s3.us-east-2.amazonaws.com/ChIP/bigwig/ChIP_CTCF_E_14.5_2.bw
SRR4252670,ChIP_CTCF_E_14.5_3,E_14.5_3,ChIP,WT,CTCF,retina,mm10,https://aldiri-2017-retina-epigenome.s3.us-east-2.amazonaws.com/ChIP/bam/CTCF/ChIP_CTCF_E_14.5_3.bam,https://aldiri-2017-retina-epigenome.s3.us-east-2.amazonaws.com/ChIP/bam/CTCF/ChIP_CTCF_E_14.5_3.bam.bai,https://aldiri-2017-retina-epigenome.s3.us-east-2.amazonaws.com/ChIP/bigwig/ChIP_CTCF_E_14.5_3.bw
SRR4252697,ChIP_H3K27Ac_E_14.5_4,E_14.5_4,ChIP,WT,H3K27Ac,retina,mm10,https://aldiri-2017-retina-epigenome.s3.us-east-2.amazonaws.com/ChIP/bam/H3K27Ac/ChIP_H3K27Ac_E_14.5_4.bam,https://aldiri-2017-retina-epigenome.s3.us-east-2.amazonaws.com/ChIP/bam/H3K27Ac/ChIP_H3K27Ac_E_14.5_4.bam.bai,https://aldiri-2017-retina-epigenome.s3.us-east-2.amazonaws.com/ChIP/bigwig/ChIP_H3K27Ac_E_14.5_4.bw
SRR4252698,ChIP_H3K27Ac_E_14.5_5,E_14.5_5,ChIP,WT,H3K27Ac,retina,mm10,https://aldiri-2017-retina-epigenome.s3.us-east-2.amazonaws.com/ChIP/bam/H3K27Ac/ChIP_H3K27Ac_E_14.5_5.bam,https://aldiri-2017-retina-epigenome.s3.us-east-2.amazonaws.com/ChIP/bam/H3K27Ac/ChIP_H3K27Ac_E_14.5_5.bam.bai,https://aldiri-2017-retina-epigenome.s3.us-east-2.amazonaws.com/ChIP/bigwig/ChIP_H3K27Ac_E_14.5_5.bw
SRR4252726,ChIP_H3K27me3_E_14.5_6,E_14.5_6,ChIP,WT,H3K27me3,retina,mm10,https://aldiri-2017-retina-epigenome.s3.us-east-2.amazonaws.com/ChIP/bam/H3K27me3/ChIP_H3K27me3_E_14.5_6.bam,https://aldiri-2017-retina-epigenome.s3.us-east-2.amazonaws.com/ChIP/bam/H3K27me3/ChIP_H3K27me3_E_14.5_6.bam.bai,https://aldiri-2017-retina-epigenome.s3.us-east-2.amazonaws.com/ChIP/bigwig/ChIP_H3K27me3_E_14.5_6.bw
SRR4252727,ChIP_H3K27me3_E_14.5_7,E_14.5_7,ChIP,WT,H3K27me3,retina,mm10,https://aldiri-2017-retina-epigenome.s3.us-east-2.amazonaws.com/ChIP/bam/H3K27me3/ChIP_H3K27me3_E_14.5_7.bam,https://aldiri-2017-retina-epigenome.s3.us-east-2.amazonaws.com/ChIP/bam/H3K27me3/ChIP_H3K27me3_E_14.5_7.bam.bai,https://aldiri-2017-retina-epigenome.s3.us-east-2.amazonaws.com/ChIP/bigwig/ChIP_H3K27me3_E_14.5_7.bw
SRR4252756,ChIP_H3K36me3_E_14.5_8,E_14.5_8,ChIP,WT,H3K36me3,retina,mm10,https://aldiri-2017-retina-epigenome.s3.us-east-2.amazonaws.com/ChIP/bam/H3K36me3/ChIP_H3K36me3_E_14.5_8.bam,https://aldiri-2017-retina-epigenome.s3.us-east-2.amazonaws.com/ChIP/bam/H3K36me3/ChIP_H3K36me3_E_14.5_8.bam.bai,https://aldiri-2017-retina-epigenome.s3.us-east-2.amazonaws.com/ChIP/bigwig/ChIP_H3K36me3_E_14.5_8.bw
SRR4252757,ChIP_H3K36me3_E_14.5_9,E_14.5_9,ChIP,WT,H3K36me3,retina,mm10,https://aldiri-2017-retina-epigenome.s3.us-east-2.amazonaws.com/ChIP/bam/H3K36me3/ChIP_H3K36me3_E_14.5_9.bam,https://aldiri-2017-retina-epigenome.s3.us-east-2.amazonaws.com/ChIP/bam/H3K36me3/ChIP_H3K36me3_E_14.5_9.bam.bai,https://aldiri-2017-retina-epigenome.s3.us-east-2.amazonaws.com/ChIP/bigwig/ChIP_H3K36me3_E_14.5_9.bw
SRR4252784,ChIP_H3K4me1_E_14.5_10,E_14.5_10,ChIP,WT,H3K4me1,retina,mm10,https://aldiri-2017-retina-epigenome.s3.us-east-2.amazonaws.com/ChIP/bam/H3K4me1/ChIP_H3K4me1_E_14.5_10.bam,https://aldiri-2017-retina-epigenome.s3.us-east-2.amazonaws.com/ChIP/bam/H3K4me1/ChIP_H3K4me1_E_14.5_10.bam.bai,https://aldiri-2017-retina-epigenome.s3.us-east-2.amazonaws.com/ChIP/bigwig/ChIP_H3K4me1_E_14.5_10.bw
SRR4252785,ChIP_H3K4me1_E_14.5_11,E_14.5_11,ChIP,WT,H3K4me1,retina,mm10,https://aldiri-2017-retina-epigenome.s3.us-east-2.amazonaws.com/ChIP/bam/H3K4me1/ChIP_H3K4me1_E_14.5_11.bam,https://aldiri-2017-retina-epigenome.s3.us-east-2.amazonaws.com/ChIP/bam/H3K4me1/ChIP_H3K4me1_E_14.5_11.bam.bai,https://aldiri-2017-retina-epigenome.s3.us-east-2.amazonaws.com/ChIP/bigwig/ChIP_H3K4me1_E_14.5_11.bw
SRR4252812,ChIP_H3K4me2_E_14.5_12,E_14.5_12,ChIP,WT,H3K4me2,retina,mm10,https://aldiri-2017-retina-epigenome.s3.us-east-2.amazonaws.com/ChIP/bam/H3K4me2/ChIP_H3K4me2_E_14.5_12.bam,https://aldiri-2017-retina-epigenome.s3.us-east-2.amazonaws.com/ChIP/bam/H3K4me2/ChIP_H3K4me2_E_14.5_12.bam.bai,https://aldiri-2017-retina-epigenome.s3.us-east-2.amazonaws.com/ChIP/bigwig/ChIP_H3K4me2_E_14.5_12.bw
SRR4252813,ChIP_H3K4me2_E_14.5_13,E_14.5_13,ChIP,WT,H3K4me2,retina,mm10,https://aldiri-2017-retina-epigenome.s3.us-east-2.amazonaws.com/ChIP/bam/H3K4me2/ChIP_H3K4me2_E_14.5_13.bam,https://aldiri-2017-retina-epigenome.s3.us-east-2.amazonaws.com/ChIP/bam/H3K4me2/ChIP_H3K4me2_E_14.5_13.bam.bai,https://aldiri-2017-retina-epigenome.s3.us-east-2.amazonaws.com/ChIP/bigwig/ChIP_H3K4me2_E_14.5_13.bw
SRR4252840,ChIP_H3K4me3_E_14.5_14,E_14.5_14,ChIP,WT,H3K4me3,retina,mm10,https://aldiri-2017-retina-epigenome.s3.us-east-2.amazonaws.com/ChIP/bam/H3K4me3/ChIP_H3K4me3_E_14.5_14.bam,https://aldiri-2017-retina-epigenome.s3.us-east-2.amazonaws.com/ChIP/bam/H3K4me3/ChIP_H3K4me3_E_14.5_14.bam.bai,https://aldiri-2017-retina-epigenome.s3.us-east-2.amazonaws.com/ChIP/bigwig/ChIP_H3K4me3_E_14.5_14.bw
SRR4252841,ChIP_H3K4me3_E_14.5_15,E_14.5_15,ChIP,WT,H3K4me3,retina,mm10,https://aldiri-2017-retina-epigenome.s3.us-east-2.amazonaws.com/ChIP/bam/H3K4me3/ChIP_H3K4me3_E_14.5_15.bam,https://aldiri-2017-retina-epigenome.s3.us-east-2.amazonaws.com/ChIP/bam/H3K4me3/ChIP_H3K4me3_E_14.5_15.bam.bai,https://aldiri-2017-retina-epigenome.s3.us-east-2.amazonaws.com/ChIP/bigwig/ChIP_H3K4me3_E_14.5_15.bw
SRR4252869,ChIP_H3K9-14Ac_E_14.5_16,E_14.5_16,ChIP,WT,H3K9-14Ac,retina,mm10,https://aldiri-2017-retina-epigenome.s3.us-east-2.amazonaws.com/ChIP/bam/H3K9-14Ac/ChIP_H3K9-14Ac_E_14.5_16.bam,https://aldiri-2017-retina-epigenome.s3.us-east-2.amazonaws.com/ChIP/bam/H3K9-14Ac/ChIP_H3K9-14Ac_E_14.5_16.bam.bai,https://aldiri-2017-retina-epigenome.s3.us-east-2.amazonaws.com/ChIP/bigwig/ChIP_H3K9-14Ac_E_14.5_16.bw
SRR4252870,ChIP_H3K9-14Ac_E_14.5_17,E_14.5_17,ChIP,WT,H3K9-14Ac,retina,mm10,https://aldiri-2017-retina-epigenome.s3.us-east-2.amazonaws.com/ChIP/bam/H3K9-14Ac/ChIP_H3K9-14Ac_E_14.5_17.bam,https://aldiri-2017-retina-epigenome.s3.us-east-2.amazonaws.com/ChIP/bam/H3K9-14Ac/ChIP_H3K9-14Ac_E_14.5_17.bam.bai,https://aldiri-2017-retina-epigenome.s3.us-east-2.amazonaws.com/ChIP/bigwig/ChIP_H3K9-14Ac_E_14.5_17.bw
SRR4252897,ChIP_H3K9me3_E_14.5_18,E_14.5_18,ChIP,WT,H3K9me3,retina,mm10,https://aldiri-2017-retina-epigenome.s3.us-east-2.amazonaws.com/ChIP/bam/H3K9me3/ChIP_H3K9me3_E_14.5_18.bam,https://aldiri-2017-retina-epigenome.s3.us-east-2.amazonaws.com/ChIP/bam/H3K9me3/ChIP_H3K9me3_E_14.5_18.bam.bai,https://aldiri-2017-retina-epigenome.s3.us-east-2.amazonaws.com/ChIP/bigwig/ChIP_H3K9me3_E_14.5_18.bw
SRR4252915,ChIP_RNAPolII_E_14.5_19,E_14.5_19,ChIP,WT,RNAPolll,retina,mm10,https://aldiri-2017-retina-epigenome.s3.us-east-2.amazonaws.com/ChIP/bam/RNAPolll/ChIP_RNAPolII_E_14.5_19.bam,https://aldiri-2017-retina-epigenome.s3.us-east-2.amazonaws.com/ChIP/bam/RNAPolll/ChIP_RNAPolII_E_14.5_19.bam.bai,https://aldiri-2017-retina-epigenome.s3.us-east-2.amazonaws.com/ChIP/bigwig/ChIP_RNAPolII_E_14.5_19.bw
SRR4252933,ChIP_INPUT_E_14.5_20,E_14.5_20,ChIP,WT,INPUT,retina,mm10,https://aldiri-2017-retina-epigenome.s3.us-east-2.amazonaws.com/ChIP/bam/INPUT/ChIP_INPUT_E_14.5_20.bam,https://aldiri-2017-retina-epigenome.s3.us-east-2.amazonaws.com/ChIP/bam/INPUT/ChIP_INPUT_E_14.5_20.bam.bai,https://aldiri-2017-retina-epigenome.s3.us-east-2.amazonaws.com/ChIP/bigwig/ChIP_INPUT_E_14.5_20.bw
SRR4252934,ChIP_INPUT_E_14.5_21,E_14.5_21,ChIP,WT,INPUT,retina,mm10,https://aldiri-2017-retina-epigenome.s3.us-east-2.amazonaws.com/ChIP/bam/INPUT/ChIP_INPUT_E_14.5_21.bam,https://aldiri-2017-retina-epigenome.s3.us-east-2.amazonaws.com/ChIP/bam/INPUT/ChIP_INPUT_E_14.5_21.bam.bai,https://aldiri-2017-retina-epigenome.s3.us-east-2.amazonaws.com/ChIP/bigwig/ChIP_INPUT_E_14.5_21.bw
SRR4252651,ChIP_BRD4_E_17.5_1,E_17.5_1,ChIP,WT,BRD4,retina,mm10,https://aldiri-2017-retina-epigenome.s3.us-east-2.amazonaws.com/ChIP/bam/BRD4/ChIP_BRD4_E_17.5_1.bam,https://aldiri-2017-retina-epigenome.s3.us-east-2.amazonaws.com/ChIP/bam/BRD4/ChIP_BRD4_E_17.5_1.bam.bai,https://aldiri-2017-retina-epigenome.s3.us-east-2.amazonaws.com/ChIP/bigwig/ChIP_BRD4_E_17.5_1.bw
SRR4252671,ChIP_CTCF_E_17.5_2,E_17.5_2,ChIP,WT,CTCF,retina,mm10,https://aldiri-2017-retina-epigenome.s3.us-east-2.amazonaws.com/ChIP/bam/CTCF/ChIP_CTCF_E_17.5_2.bam,https://aldiri-2017-retina-epigenome.s3.us-east-2.amazonaws.com/ChIP/bam/CTCF/ChIP_CTCF_E_17.5_2.bam.bai,https://aldiri-2017-retina-epigenome.s3.us-east-2.amazonaws.com/ChIP/bigwig/ChIP_CTCF_E_17.5_2.bw
SRR4252672,ChIP_CTCF_E_17.5_3,E_17.5_3,ChIP,WT,CTCF,retina,mm10,https://aldiri-2017-retina-epigenome.s3.us-east-2.amazonaws.com/ChIP/bam/CTCF/ChIP_CTCF_E_17.5_3.bam,https://aldiri-2017-retina-epigenome.s3.us-east-2.amazonaws.com/ChIP/bam/CTCF/ChIP_CTCF_E_17.5_3.bam.bai,https://aldiri-2017-retina-epigenome.s3.us-east-2.amazonaws.com/ChIP/bigwig/ChIP_CTCF_E_17.5_3.bw
SRR4252699,ChIP_H3K27Ac_E_17.5_4,E_17.5_4,ChIP,WT,H3K27Ac,retina,mm10,https://aldiri-2017-retina-epigenome.s3.us-east-2.amazonaws.com/ChIP/bam/H3K27Ac/ChIP_H3K27Ac_E_17.5_4.bam,https://aldiri-2017-retina-epigenome.s3.us-east-2.amazonaws.com/ChIP/bam/H3K27Ac/ChIP_H3K27Ac_E_17.5_4.bam.bai,https://aldiri-2017-retina-epigenome.s3.us-east-2.amazonaws.com/ChIP/bigwig/ChIP_H3K27Ac_E_17.5_4.bw
SRR4252700,ChIP_H3K27Ac_E_17.5_5,E_17.5_5,ChIP,WT,H3K27Ac,retina,mm10,https://aldiri-2017-retina-epigenome.s3.us-east-2.amazonaws.com/ChIP/bam/H3K27Ac/ChIP_H3K27Ac_E_17.5_5.bam,https://aldiri-2017-retina-epigenome.s3.us-east-2.amazonaws.com/ChIP/bam/H3K27Ac/ChIP_H3K27Ac_E_17.5_5.bam.bai,https://aldiri-2017-retina-epigenome.s3.us-east-2.amazonaws.com/ChIP/bigwig/ChIP_H3K27Ac_E_17.5_5.bw
SRR4252728,ChIP_H3K27me3_E_17.5_6,E_17.5_6,ChIP,WT,H3K27me3,retina,mm10,https://aldiri-2017-retina-epigenome.s3.us-east-2.amazonaws.com/ChIP/bam/H3K27me3/ChIP_H3K27me3_E_17.5_6.bam,https://aldiri-2017-retina-epigenome.s3.us-east-2.amazonaws.com/ChIP/bam/H3K27me3/ChIP_H3K27me3_E_17.5_6.bam.bai,https://aldiri-2017-retina-epigenome.s3.us-east-2.amazonaws.com/ChIP/bigwig/ChIP_H3K27me3_E_17.5_6.bw
SRR4252729,ChIP_H3K27me3_E_17.5_7,E_17.5_7,ChIP,WT,H3K27me3,retina,mm10,https://aldiri-2017-retina-epigenome.s3.us-east-2.amazonaws.com/ChIP/bam/H3K27me3/ChIP_H3K27me3_E_17.5_7.bam,https://aldiri-2017-retina-epigenome.s3.us-east-2.amazonaws.com/ChIP/bam/H3K27me3/ChIP_H3K27me3_E_17.5_7.bam.bai,https://aldiri-2017-retina-epigenome.s3.us-east-2.amazonaws.com/ChIP/bigwig/ChIP_H3K27me3_E_17.5_7.bw
SRR4252758,ChIP_H3K36me3_E_17.5_8,E_17.5_8,ChIP,WT,H3K36me3,retina,mm10,https://aldiri-2017-retina-epigenome.s3.us-east-2.amazonaws.com/ChIP/bam/H3K36me3/ChIP_H3K36me3_E_17.5_8.bam,https://aldiri-2017-retina-epigenome.s3.us-east-2.amazonaws.com/ChIP/bam/H3K36me3/ChIP_H3K36me3_E_17.5_8.bam.bai,https://aldiri-2017-retina-epigenome.s3.us-east-2.amazonaws.com/ChIP/bigwig/ChIP_H3K36me3_E_17.5_8.bw
SRR4252759,ChIP_H3K36me3_E_17.5_9,E_17.5_9,ChIP,WT,H3K36me3,retina,mm10,https://aldiri-2017-retina-epigenome.s3.us-east-2.amazonaws.com/ChIP/bam/H3K36me3/ChIP_H3K36me3_E_17.5_9.bam,https://aldiri-2017-retina-epigenome.s3.us-east-2.amazonaws.com/ChIP/bam/H3K36me3/ChIP_H3K36me3_E_17.5_9.bam.bai,https://aldiri-2017-retina-epigenome.s3.us-east-2.amazonaws.com/ChIP/bigwig/ChIP_H3K36me3_E_17.5_9.bw
SRR4252786,ChIP_H3K4me1_E_17.5_10,E_17.5_10,ChIP,WT,H3K4me1,retina,mm10,https://aldiri-2017-retina-epigenome.s3.us-east-2.amazonaws.com/ChIP/bam/H3K4me1/ChIP_H3K4me1_E_17.5_10.bam,https://aldiri-2017-retina-epigenome.s3.us-east-2.amazonaws.com/ChIP/bam/H3K4me1/ChIP_H3K4me1_E_17.5_10.bam.bai,https://aldiri-2017-retina-epigenome.s3.us-east-2.amazonaws.com/ChIP/bigwig/ChIP_H3K4me1_E_17.5_10.bw
SRR4252787,ChIP_H3K4me1_E_17.5_11,E_17.5_11,ChIP,WT,H3K4me1,retina,mm10,https://aldiri-2017-retina-epigenome.s3.us-east-2.amazonaws.com/ChIP/bam/H3K4me1/ChIP_H3K4me1_E_17.5_11.bam,https://aldiri-2017-retina-epigenome.s3.us-east-2.amazonaws.com/ChIP/bam/H3K4me1/ChIP_H3K4me1_E_17.5_11.bam.bai,https://aldiri-2017-retina-epigenome.s3.us-east-2.amazonaws.com/ChIP/bigwig/ChIP_H3K4me1_E_17.5_11.bw
SRR4252814,ChIP_H3K4me2_E_17.5_12,E_17.5_12,ChIP,WT,H3K4me2,retina,mm10,https://aldiri-2017-retina-epigenome.s3.us-east-2.amazonaws.com/ChIP/bam/H3K4me2/ChIP_H3K4me2_E_17.5_12.bam,https://aldiri-2017-retina-epigenome.s3.us-east-2.amazonaws.com/ChIP/bam/H3K4me2/ChIP_H3K4me2_E_17.5_12.bam.bai,https://aldiri-2017-retina-epigenome.s3.us-east-2.amazonaws.com/ChIP/bigwig/ChIP_H3K4me2_E_17.5_12.bw
SRR4252842,ChIP_H3K4me3_E_17.5_13,E_17.5_13,ChIP,WT,H3K4me3,retina,mm10,https://aldiri-2017-retina-epigenome.s3.us-east-2.amazonaws.com/ChIP/bam/H3K4me3/ChIP_H3K4me3_E_17.5_13.bam,https://aldiri-2017-retina-epigenome.s3.us-east-2.amazonaws.com/ChIP/bam/H3K4me3/ChIP_H3K4me3_E_17.5_13.bam.bai,https://aldiri-2017-retina-epigenome.s3.us-east-2.amazonaws.com/ChIP/bigwig/ChIP_H3K4me3_E_17.5_13.bw
SRR4252843,ChIP_H3K4me3_E_17.5_14,E_17.5_14,ChIP,WT,H3K4me3,retina,mm10,https://aldiri-2017-retina-epigenome.s3.us-east-2.amazonaws.com/ChIP/bam/H3K4me3/ChIP_H3K4me3_E_17.5_14.bam,https://aldiri-2017-retina-epigenome.s3.us-east-2.amazonaws.com/ChIP/bam/H3K4me3/ChIP_H3K4me3_E_17.5_14.bam.bai,https://aldiri-2017-retina-epigenome.s3.us-east-2.amazonaws.com/ChIP/bigwig/ChIP_H3K4me3_E_17.5_14.bw
SRR4252871,ChIP_H3K9-14Ac_E_17.5_15,E_17.5_15,ChIP,WT,H3K9-14Ac,retina,mm10,https://aldiri-2017-retina-epigenome.s3.us-east-2.amazonaws.com/ChIP/bam/H3K9-14Ac/ChIP_H3K9-14Ac_E_17.5_15.bam,https://aldiri-2017-retina-epigenome.s3.us-east-2.amazonaws.com/ChIP/bam/H3K9-14Ac/ChIP_H3K9-14Ac_E_17.5_15.bam.bai,https://aldiri-2017-retina-epigenome.s3.us-east-2.amazonaws.com/ChIP/bigwig/ChIP_H3K9-14Ac_E_17.5_15.bw
SRR4252872,ChIP_H3K9-14Ac_E_17.5_16,E_17.5_16,ChIP,WT,H3K9-14Ac,retina,mm10,https://aldiri-2017-retina-epigenome.s3.us-east-2.amazonaws.com/ChIP/bam/H3K9-14Ac/ChIP_H3K9-14Ac_E_17.5_16.bam,https://aldiri-2017-retina-epigenome.s3.us-east-2.amazonaws.com/ChIP/bam/H3K9-14Ac/ChIP_H3K9-14Ac_E_17.5_16.bam.bai,https://aldiri-2017-retina-epigenome.s3.us-east-2.amazonaws.com/ChIP/bigwig/ChIP_H3K9-14Ac_E_17.5_16.bw
SRR4252898,ChIP_H3K9me3_E_17.5_17,E_17.5_17,ChIP,WT,H3K9me3,retina,mm10,https://aldiri-2017-retina-epigenome.s3.us-east-2.amazonaws.com/ChIP/bam/H3K9me3/ChIP_H3K9me3_E_17.5_17.bam,https://aldiri-2017-retina-epigenome.s3.us-east-2.amazonaws.com/ChIP/bam/H3K9me3/ChIP_H3K9me3_E_17.5_17.bam.bai,https://aldiri-2017-retina-epigenome.s3.us-east-2.amazonaws.com/ChIP/bigwig/ChIP_H3K9me3_E_17.5_17.bw
SRR4252916,ChIP_RNAPolII_E_17.5_18,E_17.5_18,ChIP,WT,RNAPolll,retina,mm10,https://aldiri-2017-retina-epigenome.s3.us-east-2.amazonaws.com/ChIP/bam/RNAPolll/ChIP_RNAPolII_E_17.5_18.bam,https://aldiri-2017-retina-epigenome.s3.us-east-2.amazonaws.com/ChIP/bam/RNAPolll/ChIP_RNAPolII_E_17.5_18.bam.bai,https://aldiri-2017-retina-epigenome.s3.us-east-2.amazonaws.com/ChIP/bigwig/ChIP_RNAPolII_E_17.5_18.bw
SRR4252935,ChIP_INPUT_E_17.5_19,E_17.5_19,ChIP,WT,INPUT,retina,mm10,https://aldiri-2017-retina-epigenome.s3.us-east-2.amazonaws.com/ChIP/bam/INPUT/ChIP_INPUT_E_17.5_19.bam,https://aldiri-2017-retina-epigenome.s3.us-east-2.amazonaws.com/ChIP/bam/INPUT/ChIP_INPUT_E_17.5_19.bam.bai,https://aldiri-2017-retina-epigenome.s3.us-east-2.amazonaws.com/ChIP/bigwig/ChIP_INPUT_E_17.5_19.bw
SRR4252652,ChIP_BRD4_P_0_1,P_0_1,ChIP,WT,BRD4,retina,mm10,https://aldiri-2017-retina-epigenome.s3.us-east-2.amazonaws.com/ChIP/bam/BRD4/ChIP_BRD4_P_0_1.bam,https://aldiri-2017-retina-epigenome.s3.us-east-2.amazonaws.com/ChIP/bam/BRD4/ChIP_BRD4_P_0_1.bam.bai,https://aldiri-2017-retina-epigenome.s3.us-east-2.amazonaws.com/ChIP/bigwig/ChIP_BRD4_P_0_1.bw
SRR4252673,ChIP_CTCF_P_0_2,P_0_2,ChIP,WT,CTCF,retina,mm10,https://aldiri-2017-retina-epigenome.s3.us-east-2.amazonaws.com/ChIP/bam/CTCF/ChIP_CTCF_P_0_2.bam,https://aldiri-2017-retina-epigenome.s3.us-east-2.amazonaws.com/ChIP/bam/CTCF/ChIP_CTCF_P_0_2.bam.bai,https://aldiri-2017-retina-epigenome.s3.us-east-2.amazonaws.com/ChIP/bigwig/ChIP_CTCF_P_0_2.bw
SRR4252674,ChIP_CTCF_P_0_3,P_0_3,ChIP,WT,CTCF,retina,mm10,https://aldiri-2017-retina-epigenome.s3.us-east-2.amazonaws.com/ChIP/bam/CTCF/ChIP_CTCF_P_0_3.bam,https://aldiri-2017-retina-epigenome.s3.us-east-2.amazonaws.com/ChIP/bam/CTCF/ChIP_CTCF_P_0_3.bam.bai,https://aldiri-2017-retina-epigenome.s3.us-east-2.amazonaws.com/ChIP/bigwig/ChIP_CTCF_P_0_3.bw
SRR4252701,ChIP_H3K27Ac_P_0_4,P_0_4,ChIP,WT,H3K27Ac,retina,mm10,https://aldiri-2017-retina-epigenome.s3.us-east-2.amazonaws.com/ChIP/bam/H3K27Ac/ChIP_H3K27Ac_P_0_4.bam,https://aldiri-2017-retina-epigenome.s3.us-east-2.amazonaws.com/ChIP/bam/H3K27Ac/ChIP_H3K27Ac_P_0_4.bam.bai,https://aldiri-2017-retina-epigenome.s3.us-east-2.amazonaws.com/ChIP/bigwig/ChIP_H3K27Ac_P_0_4.bw
SRR4252702,ChIP_H3K27Ac_P_0_5,P_0_5,ChIP,WT,H3K27Ac,retina,mm10,https://aldiri-2017-retina-epigenome.s3.us-east-2.amazonaws.com/ChIP/bam/H3K27Ac/ChIP_H3K27Ac_P_0_5.bam,https://aldiri-2017-retina-epigenome.s3.us-east-2.amazonaws.com/ChIP/bam/H3K27Ac/ChIP_H3K27Ac_P_0_5.bam.bai,https://aldiri-2017-retina-epigenome.s3.us-east-2.amazonaws.com/ChIP/bigwig/ChIP_H3K27Ac_P_0_5.bw
SRR4252703,ChIP_H3K27Ac_P_0_6,P_0_6,ChIP,WT,H3K27Ac,retina,mm10,https://aldiri-2017-retina-epigenome.s3.us-east-2.amazonaws.com/ChIP/bam/H3K27Ac/ChIP_H3K27Ac_P_0_6.bam,https://aldiri-2017-retina-epigenome.s3.us-east-2.amazonaws.com/ChIP/bam/H3K27Ac/ChIP_H3K27Ac_P_0_6.bam.bai,https://aldiri-2017-retina-epigenome.s3.us-east-2.amazonaws.com/ChIP/bigwig/ChIP_H3K27Ac_P_0_6.bw
SRR4252730,ChIP_H3K27me3_P_0_7,P_0_7,ChIP,WT,H3K27me3,retina,mm10,https://aldiri-2017-retina-epigenome.s3.us-east-2.amazonaws.com/ChIP/bam/H3K27me3/ChIP_H3K27me3_P_0_7.bam,https://aldiri-2017-retina-epigenome.s3.us-east-2.amazonaws.com/ChIP/bam/H3K27me3/ChIP_H3K27me3_P_0_7.bam.bai,https://aldiri-2017-retina-epigenome.s3.us-east-2.amazonaws.com/ChIP/bigwig/ChIP_H3K27me3_P_0_7.bw
SRR4252731,ChIP_H3K27me3_P_0_8,P_0_8,ChIP,WT,H3K27me3,retina,mm10,https://aldiri-2017-retina-epigenome.s3.us-east-2.amazonaws.com/ChIP/bam/H3K27me3/ChIP_H3K27me3_P_0_8.bam,https://aldiri-2017-retina-epigenome.s3.us-east-2.amazonaws.com/ChIP/bam/H3K27me3/ChIP_H3K27me3_P_0_8.bam.bai,https://aldiri-2017-retina-epigenome.s3.us-east-2.amazonaws.com/ChIP/bigwig/ChIP_H3K27me3_P_0_8.bw
SRR4252760,ChIP_H3K36me3_P_0_9,P_0_9,ChIP,WT,H3K36me3,retina,mm10,https://aldiri-2017-retina-epigenome.s3.us-east-2.amazonaws.com/ChIP/bam/H3K36me3/ChIP_H3K36me3_P_0_9.bam,https://aldiri-2017-retina-epigenome.s3.us-east-2.amazonaws.com/ChIP/bam/H3K36me3/ChIP_H3K36me3_P_0_9.bam.bai,https://aldiri-2017-retina-epigenome.s3.us-east-2.amazonaws.com/ChIP/bigwig/ChIP_H3K36me3_P_0_9.bw
SRR4252761,ChIP_H3K36me3_P_0_10,P_0_10,ChIP,WT,H3K36me3,retina,mm10,https://aldiri-2017-retina-epigenome.s3.us-east-2.amazonaws.com/ChIP/bam/H3K36me3/ChIP_H3K36me3_P_0_10.bam,https://aldiri-2017-retina-epigenome.s3.us-east-2.amazonaws.com/ChIP/bam/H3K36me3/ChIP_H3K36me3_P_0_10.bam.bai,https://aldiri-2017-retina-epigenome.s3.us-east-2.amazonaws.com/ChIP/bigwig/ChIP_H3K36me3_P_0_10.bw
SRR4252788,ChIP_H3K4me1_P_0_11,P_0_11,ChIP,WT,H3K4me1,retina,mm10,https://aldiri-2017-retina-epigenome.s3.us-east-2.amazonaws.com/ChIP/bam/H3K4me1/ChIP_H3K4me1_P_0_11.bam,https://aldiri-2017-retina-epigenome.s3.us-east-2.amazonaws.com/ChIP/bam/H3K4me1/ChIP_H3K4me1_P_0_11.bam.bai,https://aldiri-2017-retina-epigenome.s3.us-east-2.amazonaws.com/ChIP/bigwig/ChIP_H3K4me1_P_0_11.bw
SRR4252789,ChIP_H3K4me1_P_0_12,P_0_12,ChIP,WT,H3K4me1,retina,mm10,https://aldiri-2017-retina-epigenome.s3.us-east-2.amazonaws.com/ChIP/bam/H3K4me1/ChIP_H3K4me1_P_0_12.bam,https://aldiri-2017-retina-epigenome.s3.us-east-2.amazonaws.com/ChIP/bam/H3K4me1/ChIP_H3K4me1_P_0_12.bam.bai,https://aldiri-2017-retina-epigenome.s3.us-east-2.amazonaws.com/ChIP/bigwig/ChIP_H3K4me1_P_0_12.bw
SRR4252815,ChIP_H3K4me2_P_0_13,P_0_13,ChIP,WT,H3K4me2,retina,mm10,https://aldiri-2017-retina-epigenome.s3.us-east-2.amazonaws.com/ChIP/bam/H3K4me2/ChIP_H3K4me2_P_0_13.bam,https://aldiri-2017-retina-epigenome.s3.us-east-2.amazonaws.com/ChIP/bam/H3K4me2/ChIP_H3K4me2_P_0_13.bam.bai,https://aldiri-2017-retina-epigenome.s3.us-east-2.amazonaws.com/ChIP/bigwig/ChIP_H3K4me2_P_0_13.bw
SRR4252816,ChIP_H3K4me2_P_0_14,P_0_14,ChIP,WT,H3K4me2,retina,mm10,https://aldiri-2017-retina-epigenome.s3.us-east-2.amazonaws.com/ChIP/bam/H3K4me2/ChIP_H3K4me2_P_0_14.bam,https://aldiri-2017-retina-epigenome.s3.us-east-2.amazonaws.com/ChIP/bam/H3K4me2/ChIP_H3K4me2_P_0_14.bam.bai,https://aldiri-2017-retina-epigenome.s3.us-east-2.amazonaws.com/ChIP/bigwig/ChIP_H3K4me2_P_0_14.bw
SRR4252844,ChIP_H3K4me3_P_0_15,P_0_15,ChIP,WT,H3K4me3,retina,mm10,https://aldiri-2017-retina-epigenome.s3.us-east-2.amazonaws.com/ChIP/bam/H3K4me3/ChIP_H3K4me3_P_0_15.bam,https://aldiri-2017-retina-epigenome.s3.us-east-2.amazonaws.com/ChIP/bam/H3K4me3/ChIP_H3K4me3_P_0_15.bam.bai,https://aldiri-2017-retina-epigenome.s3.us-east-2.amazonaws.com/ChIP/bigwig/ChIP_H3K4me3_P_0_15.bw
SRR4252845,ChIP_H3K4me3_P_0_16,P_0_16,ChIP,WT,H3K4me3,retina,mm10,https://aldiri-2017-retina-epigenome.s3.us-east-2.amazonaws.com/ChIP/bam/H3K4me3/ChIP_H3K4me3_P_0_16.bam,https://aldiri-2017-retina-epigenome.s3.us-east-2.amazonaws.com/ChIP/bam/H3K4me3/ChIP_H3K4me3_P_0_16.bam.bai,https://aldiri-2017-retina-epigenome.s3.us-east-2.amazonaws.com/ChIP/bigwig/ChIP_H3K4me3_P_0_16.bw
SRR4252873,ChIP_H3K9-14Ac_P_0_17,P_0_17,ChIP,WT,H3K9-14Ac,retina,mm10,https://aldiri-2017-retina-epigenome.s3.us-east-2.amazonaws.com/ChIP/bam/H3K9-14Ac/ChIP_H3K9-14Ac_P_0_17.bam,https://aldiri-2017-retina-epigenome.s3.us-east-2.amazonaws.com/ChIP/bam/H3K9-14Ac/ChIP_H3K9-14Ac_P_0_17.bam.bai,https://aldiri-2017-retina-epigenome.s3.us-east-2.amazonaws.com/ChIP/bigwig/ChIP_H3K9-14Ac_P_0_17.bw
SRR4252874,ChIP_H3K9-14Ac_P_0_18,P_0_18,ChIP,WT,H3K9-14Ac,retina,mm10,https://aldiri-2017-retina-epigenome.s3.us-east-2.amazonaws.com/ChIP/bam/H3K9-14Ac/ChIP_H3K9-14Ac_P_0_18.bam,https://aldiri-2017-retina-epigenome.s3.us-east-2.amazonaws.com/ChIP/bam/H3K9-14Ac/ChIP_H3K9-14Ac_P_0_18.bam.bai,https://aldiri-2017-retina-epigenome.s3.us-east-2.amazonaws.com/ChIP/bigwig/ChIP_H3K9-14Ac_P_0_18.bw
SRR4252899,ChIP_H3K9me3_P_0_19,P_0_19,ChIP,WT,H3K9me3,retina,mm10,https://aldiri-2017-retina-epigenome.s3.us-east-2.amazonaws.com/ChIP/bam/H3K9me3/ChIP_H3K9me3_P_0_19.bam,https://aldiri-2017-retina-epigenome.s3.us-east-2.amazonaws.com/ChIP/bam/H3K9me3/ChIP_H3K9me3_P_0_19.bam.bai,https://aldiri-2017-retina-epigenome.s3.us-east-2.amazonaws.com/ChIP/bigwig/ChIP_H3K9me3_P_0_19.bw
SRR4252917,ChIP_RNAPolII_P_0_20,P_0_20,ChIP,WT,RNAPolll,retina,mm10,https://aldiri-2017-retina-epigenome.s3.us-east-2.amazonaws.com/ChIP/bam/RNAPolll/ChIP_RNAPolII_P_0_20.bam,https://aldiri-2017-retina-epigenome.s3.us-east-2.amazonaws.com/ChIP/bam/RNAPolll/ChIP_RNAPolII_P_0_20.bam.bai,https://aldiri-2017-retina-epigenome.s3.us-east-2.amazonaws.com/ChIP/bigwig/ChIP_RNAPolII_P_0_20.bw
SRR4252936,ChIP_INPUT_P_0_21,P_0_21,ChIP,WT,INPUT,retina,mm10,https://aldiri-2017-retina-epigenome.s3.us-east-2.amazonaws.com/ChIP/bam/INPUT/ChIP_INPUT_P_0_21.bam,https://aldiri-2017-retina-epigenome.s3.us-east-2.amazonaws.com/ChIP/bam/INPUT/ChIP_INPUT_P_0_21.bam.bai,https://aldiri-2017-retina-epigenome.s3.us-east-2.amazonaws.com/ChIP/bigwig/ChIP_INPUT_P_0_21.bw
SRR4252937,ChIP_INPUT_P_0_22,P_0_22,ChIP,WT,INPUT,retina,mm10,https://aldiri-2017-retina-epigenome.s3.us-east-2.amazonaws.com/ChIP/bam/INPUT/ChIP_INPUT_P_0_22.bam,https://aldiri-2017-retina-epigenome.s3.us-east-2.amazonaws.com/ChIP/bam/INPUT/ChIP_INPUT_P_0_22.bam.bai,https://aldiri-2017-retina-epigenome.s3.us-east-2.amazonaws.com/ChIP/bigwig/ChIP_INPUT_P_0_22.bw
SRR4252938,ChIP_INPUT_P_0_23,P_0_23,ChIP,WT,INPUT,retina,mm10,https://aldiri-2017-retina-epigenome.s3.us-east-2.amazonaws.com/ChIP/bam/INPUT/ChIP_INPUT_P_0_23.bam,https://aldiri-2017-retina-epigenome.s3.us-east-2.amazonaws.com/ChIP/bam/INPUT/ChIP_INPUT_P_0_23.bam.bai,https://aldiri-2017-retina-epigenome.s3.us-east-2.amazonaws.com/ChIP/bigwig/ChIP_INPUT_P_0_23.bw
SRR4252656,ChIP_BRD4_P_10_1,P_10_1,ChIP,WT,BRD4,retina,mm10,https://aldiri-2017-retina-epigenome.s3.us-east-2.amazonaws.com/ChIP/bam/BRD4/ChIP_BRD4_P_10_1.bam,https://aldiri-2017-retina-epigenome.s3.us-east-2.amazonaws.com/ChIP/bam/BRD4/ChIP_BRD4_P_10_1.bam.bai,https://aldiri-2017-retina-epigenome.s3.us-east-2.amazonaws.com/ChIP/bigwig/ChIP_BRD4_P_10_1.bw
SRR4252679,ChIP_CTCF_P_10_2,P_10_2,ChIP,WT,CTCF,retina,mm10,https://aldiri-2017-retina-epigenome.s3.us-east-2.amazonaws.com/ChIP/bam/CTCF/ChIP_CTCF_P_10_2.bam,https://aldiri-2017-retina-epigenome.s3.us-east-2.amazonaws.com/ChIP/bam/CTCF/ChIP_CTCF_P_10_2.bam.bai,https://aldiri-2017-retina-epigenome.s3.us-east-2.amazonaws.com/ChIP/bigwig/ChIP_CTCF_P_10_2.bw
SRR4252680,ChIP_CTCF_P_10_3,P_10_3,ChIP,WT,CTCF,retina,mm10,https://aldiri-2017-retina-epigenome.s3.us-east-2.amazonaws.com/ChIP/bam/CTCF/ChIP_CTCF_P_10_3.bam,https://aldiri-2017-retina-epigenome.s3.us-east-2.amazonaws.com/ChIP/bam/CTCF/ChIP_CTCF_P_10_3.bam.bai,https://aldiri-2017-retina-epigenome.s3.us-east-2.amazonaws.com/ChIP/bigwig/ChIP_CTCF_P_10_3.bw
SRR4252708,ChIP_H3K27Ac_P_10_4,P_10_4,ChIP,WT,H3K27Ac,retina,mm10,https://aldiri-2017-retina-epigenome.s3.us-east-2.amazonaws.com/ChIP/bam/H3K27Ac/ChIP_H3K27Ac_P_10_4.bam,https://aldiri-2017-retina-epigenome.s3.us-east-2.amazonaws.com/ChIP/bam/H3K27Ac/ChIP_H3K27Ac_P_10_4.bam.bai,https://aldiri-2017-retina-epigenome.s3.us-east-2.amazonaws.com/ChIP/bigwig/ChIP_H3K27Ac_P_10_4.bw
SRR4252709,ChIP_H3K27Ac_P_10_5,P_10_5,ChIP,WT,H3K27Ac,retina,mm10,https://aldiri-2017-retina-epigenome.s3.us-east-2.amazonaws.com/ChIP/bam/H3K27Ac/ChIP_H3K27Ac_P_10_5.bam,https://aldiri-2017-retina-epigenome.s3.us-east-2.amazonaws.com/ChIP/bam/H3K27Ac/ChIP_H3K27Ac_P_10_5.bam.bai,https://aldiri-2017-retina-epigenome.s3.us-east-2.amazonaws.com/ChIP/bigwig/ChIP_H3K27Ac_P_10_5.bw
SRR4252736,ChIP_H3K27me3_P_10_6,P_10_6,ChIP,WT,H3K27me3,retina,mm10,https://aldiri-2017-retina-epigenome.s3.us-east-2.amazonaws.com/ChIP/bam/H3K27me3/ChIP_H3K27me3_P_10_6.bam,https://aldiri-2017-retina-epigenome.s3.us-east-2.amazonaws.com/ChIP/bam/H3K27me3/ChIP_H3K27me3_P_10_6.bam.bai,https://aldiri-2017-retina-epigenome.s3.us-east-2.amazonaws.com/ChIP/bigwig/ChIP_H3K27me3_P_10_6.bw
SRR4252737,ChIP_H3K27me3_P_10_7,P_10_7,ChIP,WT,H3K27me3,retina,mm10,https://aldiri-2017-retina-epigenome.s3.us-east-2.amazonaws.com/ChIP/bam/H3K27me3/ChIP_H3K27me3_P_10_7.bam,https://aldiri-2017-retina-epigenome.s3.us-east-2.amazonaws.com/ChIP/bam/H3K27me3/ChIP_H3K27me3_P_10_7.bam.bai,https://aldiri-2017-retina-epigenome.s3.us-east-2.amazonaws.com/ChIP/bigwig/ChIP_H3K27me3_P_10_7.bw
SRR4252766,ChIP_H3K36me3_P_10_8,P_10_8,ChIP,WT,H3K36me3,retina,mm10,https://aldiri-2017-retina-epigenome.s3.us-east-2.amazonaws.com/ChIP/bam/H3K36me3/ChIP_H3K36me3_P_10_8.bam,https://aldiri-2017-retina-epigenome.s3.us-east-2.amazonaws.com/ChIP/bam/H3K36me3/ChIP_H3K36me3_P_10_8.bam.bai,https://aldiri-2017-retina-epigenome.s3.us-east-2.amazonaws.com/ChIP/bigwig/ChIP_H3K36me3_P_10_8.bw
SRR4252767,ChIP_H3K36me3_P_10_9,P_10_9,ChIP,WT,H3K36me3,retina,mm10,https://aldiri-2017-retina-epigenome.s3.us-east-2.amazonaws.com/ChIP/bam/H3K36me3/ChIP_H3K36me3_P_10_9.bam,https://aldiri-2017-retina-epigenome.s3.us-east-2.amazonaws.com/ChIP/bam/H3K36me3/ChIP_H3K36me3_P_10_9.bam.bai,https://aldiri-2017-retina-epigenome.s3.us-east-2.amazonaws.com/ChIP/bigwig/ChIP_H3K36me3_P_10_9.bw
SRR4252794,ChIP_H3K4me1_P_10_10,P_10_10,ChIP,WT,H3K4me1,retina,mm10,https://aldiri-2017-retina-epigenome.s3.us-east-2.amazonaws.com/ChIP/bam/H3K4me1/ChIP_H3K4me1_P_10_10.bam,https://aldiri-2017-retina-epigenome.s3.us-east-2.amazonaws.com/ChIP/bam/H3K4me1/ChIP_H3K4me1_P_10_10.bam.bai,https://aldiri-2017-retina-epigenome.s3.us-east-2.amazonaws.com/ChIP/bigwig/ChIP_H3K4me1_P_10_10.bw
SRR4252795,ChIP_H3K4me1_P_10_11,P_10_11,ChIP,WT,H3K4me1,retina,mm10,https://aldiri-2017-retina-epigenome.s3.us-east-2.amazonaws.com/ChIP/bam/H3K4me1/ChIP_H3K4me1_P_10_11.bam,https://aldiri-2017-retina-epigenome.s3.us-east-2.amazonaws.com/ChIP/bam/H3K4me1/ChIP_H3K4me1_P_10_11.bam.bai,https://aldiri-2017-retina-epigenome.s3.us-east-2.amazonaws.com/ChIP/bigwig/ChIP_H3K4me1_P_10_11.bw
SRR4252821,ChIP_H3K4me2_P_10_12,P_10_12,ChIP,WT,H3K4me2,retina,mm10,https://aldiri-2017-retina-epigenome.s3.us-east-2.amazonaws.com/ChIP/bam/H3K4me2/ChIP_H3K4me2_P_10_12.bam,https://aldiri-2017-retina-epigenome.s3.us-east-2.amazonaws.com/ChIP/bam/H3K4me2/ChIP_H3K4me2_P_10_12.bam.bai,https://aldiri-2017-retina-epigenome.s3.us-east-2.amazonaws.com/ChIP/bigwig/ChIP_H3K4me2_P_10_12.bw
SRR4252822,ChIP_H3K4me2_P_10_13,P_10_13,ChIP,WT,H3K4me2,retina,mm10,https://aldiri-2017-retina-epigenome.s3.us-east-2.amazonaws.com/ChIP/bam/H3K4me2/ChIP_H3K4me2_P_10_13.bam,https://aldiri-2017-retina-epigenome.s3.us-east-2.amazonaws.com/ChIP/bam/H3K4me2/ChIP_H3K4me2_P_10_13.bam.bai,https://aldiri-2017-retina-epigenome.s3.us-east-2.amazonaws.com/ChIP/bigwig/ChIP_H3K4me2_P_10_13.bw
SRR4252823,ChIP_H3K4me2_P_10_14,P_10_14,ChIP,WT,H3K4me2,retina,mm10,https://aldiri-2017-retina-epigenome.s3.us-east-2.amazonaws.com/ChIP/bam/H3K4me2/ChIP_H3K4me2_P_10_14.bam,https://aldiri-2017-retina-epigenome.s3.us-east-2.amazonaws.com/ChIP/bam/H3K4me2/ChIP_H3K4me2_P_10_14.bam.bai,https://aldiri-2017-retina-epigenome.s3.us-east-2.amazonaws.com/ChIP/bigwig/ChIP_H3K4me2_P_10_14.bw
SRR4252850,ChIP_H3K4me3_P_10_15,P_10_15,ChIP,WT,H3K4me3,retina,mm10,https://aldiri-2017-retina-epigenome.s3.us-east-2.amazonaws.com/ChIP/bam/H3K4me3/ChIP_H3K4me3_P_10_15.bam,https://aldiri-2017-retina-epigenome.s3.us-east-2.amazonaws.com/ChIP/bam/H3K4me3/ChIP_H3K4me3_P_10_15.bam.bai,https://aldiri-2017-retina-epigenome.s3.us-east-2.amazonaws.com/ChIP/bigwig/ChIP_H3K4me3_P_10_15.bw
SRR4252851,ChIP_H3K4me3_P_10_16,P_10_16,ChIP,WT,H3K4me3,retina,mm10,https://aldiri-2017-retina-epigenome.s3.us-east-2.amazonaws.com/ChIP/bam/H3K4me3/ChIP_H3K4me3_P_10_16.bam,https://aldiri-2017-retina-epigenome.s3.us-east-2.amazonaws.com/ChIP/bam/H3K4me3/ChIP_H3K4me3_P_10_16.bam.bai,https://aldiri-2017-retina-epigenome.s3.us-east-2.amazonaws.com/ChIP/bigwig/ChIP_H3K4me3_P_10_16.bw
SRR4252879,ChIP_H3K9-14Ac_P_10_17,P_10_17,ChIP,WT,H3K9-14Ac,retina,mm10,https://aldiri-2017-retina-epigenome.s3.us-east-2.amazonaws.com/ChIP/bam/H3K9-14Ac/ChIP_H3K9-14Ac_P_10_17.bam,https://aldiri-2017-retina-epigenome.s3.us-east-2.amazonaws.com/ChIP/bam/H3K9-14Ac/ChIP_H3K9-14Ac_P_10_17.bam.bai,https://aldiri-2017-retina-epigenome.s3.us-east-2.amazonaws.com/ChIP/bigwig/ChIP_H3K9-14Ac_P_10_17.bw
SRR4252880,ChIP_H3K9-14Ac_P_10_18,P_10_18,ChIP,WT,H3K9-14Ac,retina,mm10,https://aldiri-2017-retina-epigenome.s3.us-east-2.amazonaws.com/ChIP/bam/H3K9-14Ac/ChIP_H3K9-14Ac_P_10_18.bam,https://aldiri-2017-retina-epigenome.s3.us-east-2.amazonaws.com/ChIP/bam/H3K9-14Ac/ChIP_H3K9-14Ac_P_10_18.bam.bai,https://aldiri-2017-retina-epigenome.s3.us-east-2.amazonaws.com/ChIP/bigwig/ChIP_H3K9-14Ac_P_10_18.bw
SRR4252902,ChIP_H3K9me3_P_10_19,P_10_19,ChIP,WT,H3K9me3,retina,mm10,https://aldiri-2017-retina-epigenome.s3.us-east-2.amazonaws.com/ChIP/bam/H3K9me3/ChIP_H3K9me3_P_10_19.bam,https://aldiri-2017-retina-epigenome.s3.us-east-2.amazonaws.com/ChIP/bam/H3K9me3/ChIP_H3K9me3_P_10_19.bam.bai,https://aldiri-2017-retina-epigenome.s3.us-east-2.amazonaws.com/ChIP/bigwig/ChIP_H3K9me3_P_10_19.bw
SRR4252920,ChIP_RNAPolII_P_10_20,P_10_20,ChIP,WT,RNAPolll,retina,mm10,https://aldiri-2017-retina-epigenome.s3.us-east-2.amazonaws.com/ChIP/bam/RNAPolll/ChIP_RNAPolII_P_10_20.bam,https://aldiri-2017-retina-epigenome.s3.us-east-2.amazonaws.com/ChIP/bam/RNAPolll/ChIP_RNAPolII_P_10_20.bam.bai,https://aldiri-2017-retina-epigenome.s3.us-east-2.amazonaws.com/ChIP/bigwig/ChIP_RNAPolII_P_10_20.bw
SRR4252944,ChIP_INPUT_P_10_21,P_10_21,ChIP,WT,INPUT,retina,mm10,https://aldiri-2017-retina-epigenome.s3.us-east-2.amazonaws.com/ChIP/bam/INPUT/ChIP_INPUT_P_10_21.bam,https://aldiri-2017-retina-epigenome.s3.us-east-2.amazonaws.com/ChIP/bam/INPUT/ChIP_INPUT_P_10_21.bam.bai,https://aldiri-2017-retina-epigenome.s3.us-east-2.amazonaws.com/ChIP/bigwig/ChIP_INPUT_P_10_21.bw
SRR4252945,ChIP_INPUT_P_10_22,P_10_22,ChIP,WT,INPUT,retina,mm10,https://aldiri-2017-retina-epigenome.s3.us-east-2.amazonaws.com/ChIP/bam/INPUT/ChIP_INPUT_P_10_22.bam,https://aldiri-2017-retina-epigenome.s3.us-east-2.amazonaws.com/ChIP/bam/INPUT/ChIP_INPUT_P_10_22.bam.bai,https://aldiri-2017-retina-epigenome.s3.us-east-2.amazonaws.com/ChIP/bigwig/ChIP_INPUT_P_10_22.bw
SRR4252946,ChIP_INPUT_P_10_23,P_10_23,ChIP,WT,INPUT,retina,mm10,https://aldiri-2017-retina-epigenome.s3.us-east-2.amazonaws.com/ChIP/bam/INPUT/ChIP_INPUT_P_10_23.bam,https://aldiri-2017-retina-epigenome.s3.us-east-2.amazonaws.com/ChIP/bam/INPUT/ChIP_INPUT_P_10_23.bam.bai,https://aldiri-2017-retina-epigenome.s3.us-east-2.amazonaws.com/ChIP/bigwig/ChIP_INPUT_P_10_23.bw
SRR4252657,ChIP_BRD4_P_14_1,P_14_1,ChIP,WT,BRD4,retina,mm10,https://aldiri-2017-retina-epigenome.s3.us-east-2.amazonaws.com/ChIP/bam/BRD4/ChIP_BRD4_P_14_1.bam,https://aldiri-2017-retina-epigenome.s3.us-east-2.amazonaws.com/ChIP/bam/BRD4/ChIP_BRD4_P_14_1.bam.bai,https://aldiri-2017-retina-epigenome.s3.us-east-2.amazonaws.com/ChIP/bigwig/ChIP_BRD4_P_14_1.bw
SRR4252681,ChIP_CTCF_P_14_2,P_14_2,ChIP,WT,CTCF,retina,mm10,https://aldiri-2017-retina-epigenome.s3.us-east-2.amazonaws.com/ChIP/bam/CTCF/ChIP_CTCF_P_14_2.bam,https://aldiri-2017-retina-epigenome.s3.us-east-2.amazonaws.com/ChIP/bam/CTCF/ChIP_CTCF_P_14_2.bam.bai,https://aldiri-2017-retina-epigenome.s3.us-east-2.amazonaws.com/ChIP/bigwig/ChIP_CTCF_P_14_2.bw
SRR4252682,ChIP_CTCF_P_14_3,P_14_3,ChIP,WT,CTCF,retina,mm10,https://aldiri-2017-retina-epigenome.s3.us-east-2.amazonaws.com/ChIP/bam/CTCF/ChIP_CTCF_P_14_3.bam,https://aldiri-2017-retina-epigenome.s3.us-east-2.amazonaws.com/ChIP/bam/CTCF/ChIP_CTCF_P_14_3.bam.bai,https://aldiri-2017-retina-epigenome.s3.us-east-2.amazonaws.com/ChIP/bigwig/ChIP_CTCF_P_14_3.bw
SRR4252710,ChIP_H3K27Ac_P_14_4,P_14_4,ChIP,WT,H3K27Ac,retina,mm10,https://aldiri-2017-retina-epigenome.s3.us-east-2.amazonaws.com/ChIP/bam/H3K27Ac/ChIP_H3K27Ac_P_14_4.bam,https://aldiri-2017-retina-epigenome.s3.us-east-2.amazonaws.com/ChIP/bam/H3K27Ac/ChIP_H3K27Ac_P_14_4.bam.bai,https://aldiri-2017-retina-epigenome.s3.us-east-2.amazonaws.com/ChIP/bigwig/ChIP_H3K27Ac_P_14_4.bw
SRR4252711,ChIP_H3K27Ac_P_14_5,P_14_5,ChIP,WT,H3K27Ac,retina,mm10,https://aldiri-2017-retina-epigenome.s3.us-east-2.amazonaws.com/ChIP/bam/H3K27Ac/ChIP_H3K27Ac_P_14_5.bam,https://aldiri-2017-retina-epigenome.s3.us-east-2.amazonaws.com/ChIP/bam/H3K27Ac/ChIP_H3K27Ac_P_14_5.bam.bai,https://aldiri-2017-retina-epigenome.s3.us-east-2.amazonaws.com/ChIP/bigwig/ChIP_H3K27Ac_P_14_5.bw
SRR4252738,ChIP_H3K27me3_P_14_6,P_14_6,ChIP,WT,H3K27me3,retina,mm10,https://aldiri-2017-retina-epigenome.s3.us-east-2.amazonaws.com/ChIP/bam/H3K27me3/ChIP_H3K27me3_P_14_6.bam,https://aldiri-2017-retina-epigenome.s3.us-east-2.amazonaws.com/ChIP/bam/H3K27me3/ChIP_H3K27me3_P_14_6.bam.bai,https://aldiri-2017-retina-epigenome.s3.us-east-2.amazonaws.com/ChIP/bigwig/ChIP_H3K27me3_P_14_6.bw
SRR4252739,ChIP_H3K27me3_P_14_7,P_14_7,ChIP,WT,H3K27me3,retina,mm10,https://aldiri-2017-retina-epigenome.s3.us-east-2.amazonaws.com/ChIP/bam/H3K27me3/ChIP_H3K27me3_P_14_7.bam,https://aldiri-2017-retina-epigenome.s3.us-east-2.amazonaws.com/ChIP/bam/H3K27me3/ChIP_H3K27me3_P_14_7.bam.bai,https://aldiri-2017-retina-epigenome.s3.us-east-2.amazonaws.com/ChIP/bigwig/ChIP_H3K27me3_P_14_7.bw
SRR4252768,ChIP_H3K36me3_P_14_8,P_14_8,ChIP,WT,H3K36me3,retina,mm10,https://aldiri-2017-retina-epigenome.s3.us-east-2.amazonaws.com/ChIP/bam/H3K36me3/ChIP_H3K36me3_P_14_8.bam,https://aldiri-2017-retina-epigenome.s3.us-east-2.amazonaws.com/ChIP/bam/H3K36me3/ChIP_H3K36me3_P_14_8.bam.bai,https://aldiri-2017-retina-epigenome.s3.us-east-2.amazonaws.com/ChIP/bigwig/ChIP_H3K36me3_P_14_8.bw
SRR4252769,ChIP_H3K36me3_P_14_9,P_14_9,ChIP,WT,H3K36me3,retina,mm10,https://aldiri-2017-retina-epigenome.s3.us-east-2.amazonaws.com/ChIP/bam/H3K36me3/ChIP_H3K36me3_P_14_9.bam,https://aldiri-2017-retina-epigenome.s3.us-east-2.amazonaws.com/ChIP/bam/H3K36me3/ChIP_H3K36me3_P_14_9.bam.bai,https://aldiri-2017-retina-epigenome.s3.us-east-2.amazonaws.com/ChIP/bigwig/ChIP_H3K36me3_P_14_9.bw
SRR4252796,ChIP_H3K4me1_P_14_10,P_14_10,ChIP,WT,H3K4me1,retina,mm10,https://aldiri-2017-retina-epigenome.s3.us-east-2.amazonaws.com/ChIP/bam/H3K4me1/ChIP_H3K4me1_P_14_10.bam,https://aldiri-2017-retina-epigenome.s3.us-east-2.amazonaws.com/ChIP/bam/H3K4me1/ChIP_H3K4me1_P_14_10.bam.bai,https://aldiri-2017-retina-epigenome.s3.us-east-2.amazonaws.com/ChIP/bigwig/ChIP_H3K4me1_P_14_10.bw
SRR4252797,ChIP_H3K4me1_P_14_11,P_14_11,ChIP,WT,H3K4me1,retina,mm10,https://aldiri-2017-retina-epigenome.s3.us-east-2.amazonaws.com/ChIP/bam/H3K4me1/ChIP_H3K4me1_P_14_11.bam,https://aldiri-2017-retina-epigenome.s3.us-east-2.amazonaws.com/ChIP/bam/H3K4me1/ChIP_H3K4me1_P_14_11.bam.bai,https://aldiri-2017-retina-epigenome.s3.us-east-2.amazonaws.com/ChIP/bigwig/ChIP_H3K4me1_P_14_11.bw
SRR4252824,ChIP_H3K4me2_P_14_12,P_14_12,ChIP,WT,H3K4me2,retina,mm10,https://aldiri-2017-retina-epigenome.s3.us-east-2.amazonaws.com/ChIP/bam/H3K4me2/ChIP_H3K4me2_P_14_12.bam,https://aldiri-2017-retina-epigenome.s3.us-east-2.amazonaws.com/ChIP/bam/H3K4me2/ChIP_H3K4me2_P_14_12.bam.bai,https://aldiri-2017-retina-epigenome.s3.us-east-2.amazonaws.com/ChIP/bigwig/ChIP_H3K4me2_P_14_12.bw
SRR4252825,ChIP_H3K4me2_P_14_13,P_14_13,ChIP,WT,H3K4me2,retina,mm10,https://aldiri-2017-retina-epigenome.s3.us-east-2.amazonaws.com/ChIP/bam/H3K4me2/ChIP_H3K4me2_P_14_13.bam,https://aldiri-2017-retina-epigenome.s3.us-east-2.amazonaws.com/ChIP/bam/H3K4me2/ChIP_H3K4me2_P_14_13.bam.bai,https://aldiri-2017-retina-epigenome.s3.us-east-2.amazonaws.com/ChIP/bigwig/ChIP_H3K4me2_P_14_13.bw
SRR4252852,ChIP_H3K4me3_P_14_14,P_14_14,ChIP,WT,H3K4me3,retina,mm10,https://aldiri-2017-retina-epigenome.s3.us-east-2.amazonaws.com/ChIP/bam/H3K4me3/ChIP_H3K4me3_P_14_14.bam,https://aldiri-2017-retina-epigenome.s3.us-east-2.amazonaws.com/ChIP/bam/H3K4me3/ChIP_H3K4me3_P_14_14.bam.bai,https://aldiri-2017-retina-epigenome.s3.us-east-2.amazonaws.com/ChIP/bigwig/ChIP_H3K4me3_P_14_14.bw
SRR4252853,ChIP_H3K4me3_P_14_15,P_14_15,ChIP,WT,H3K4me3,retina,mm10,https://aldiri-2017-retina-epigenome.s3.us-east-2.amazonaws.com/ChIP/bam/H3K4me3/ChIP_H3K4me3_P_14_15.bam,https://aldiri-2017-retina-epigenome.s3.us-east-2.amazonaws.com/ChIP/bam/H3K4me3/ChIP_H3K4me3_P_14_15.bam.bai,https://aldiri-2017-retina-epigenome.s3.us-east-2.amazonaws.com/ChIP/bigwig/ChIP_H3K4me3_P_14_15.bw
SRR4252854,ChIP_H3K4me3_P_14_16,P_14_16,ChIP,WT,H3K4me3,retina,mm10,https://aldiri-2017-retina-epigenome.s3.us-east-2.amazonaws.com/ChIP/bam/H3K4me3/ChIP_H3K4me3_P_14_16.bam,https://aldiri-2017-retina-epigenome.s3.us-east-2.amazonaws.com/ChIP/bam/H3K4me3/ChIP_H3K4me3_P_14_16.bam.bai,https://aldiri-2017-retina-epigenome.s3.us-east-2.amazonaws.com/ChIP/bigwig/ChIP_H3K4me3_P_14_16.bw
SRR4252881,ChIP_H3K9-14Ac_P_14_17,P_14_17,ChIP,WT,H3K9-14Ac,retina,mm10,https://aldiri-2017-retina-epigenome.s3.us-east-2.amazonaws.com/ChIP/bam/H3K9-14Ac/ChIP_H3K9-14Ac_P_14_17.bam,https://aldiri-2017-retina-epigenome.s3.us-east-2.amazonaws.com/ChIP/bam/H3K9-14Ac/ChIP_H3K9-14Ac_P_14_17.bam.bai,https://aldiri-2017-retina-epigenome.s3.us-east-2.amazonaws.com/ChIP/bigwig/ChIP_H3K9-14Ac_P_14_17.bw
SRR4252882,ChIP_H3K9-14Ac_P_14_18,P_14_18,ChIP,WT,H3K9-14Ac,retina,mm10,https://aldiri-2017-retina-epigenome.s3.us-east-2.amazonaws.com/ChIP/bam/H3K9-14Ac/ChIP_H3K9-14Ac_P_14_18.bam,https://aldiri-2017-retina-epigenome.s3.us-east-2.amazonaws.com/ChIP/bam/H3K9-14Ac/ChIP_H3K9-14Ac_P_14_18.bam.bai,https://aldiri-2017-retina-epigenome.s3.us-east-2.amazonaws.com/ChIP/bigwig/ChIP_H3K9-14Ac_P_14_18.bw
SRR4252903,ChIP_H3K9me3_P_14_19,P_14_19,ChIP,WT,H3K9me3,retina,mm10,https://aldiri-2017-retina-epigenome.s3.us-east-2.amazonaws.com/ChIP/bam/H3K9me3/ChIP_H3K9me3_P_14_19.bam,https://aldiri-2017-retina-epigenome.s3.us-east-2.amazonaws.com/ChIP/bam/H3K9me3/ChIP_H3K9me3_P_14_19.bam.bai,https://aldiri-2017-retina-epigenome.s3.us-east-2.amazonaws.com/ChIP/bigwig/ChIP_H3K9me3_P_14_19.bw
SRR4252921,ChIP_RNAPolII_P_14_20,P_14_20,ChIP,WT,RNAPolll,retina,mm10,https://aldiri-2017-retina-epigenome.s3.us-east-2.amazonaws.com/ChIP/bam/RNAPolll/ChIP_RNAPolII_P_14_20.bam,https://aldiri-2017-retina-epigenome.s3.us-east-2.amazonaws.com/ChIP/bam/RNAPolll/ChIP_RNAPolII_P_14_20.bam.bai,https://aldiri-2017-retina-epigenome.s3.us-east-2.amazonaws.com/ChIP/bigwig/ChIP_RNAPolII_P_14_20.bw
SRR4252947,ChIP_INPUT_P_14_21,P_14_21,ChIP,WT,INPUT,retina,mm10,https://aldiri-2017-retina-epigenome.s3.us-east-2.amazonaws.com/ChIP/bam/INPUT/ChIP_INPUT_P_14_21.bam,https://aldiri-2017-retina-epigenome.s3.us-east-2.amazonaws.com/ChIP/bam/INPUT/ChIP_INPUT_P_14_21.bam.bai,https://aldiri-2017-retina-epigenome.s3.us-east-2.amazonaws.com/ChIP/bigwig/ChIP_INPUT_P_14_21.bw
SRR4252948,ChIP_INPUT_P_14_22,P_14_22,ChIP,WT,INPUT,retina,mm10,https://aldiri-2017-retina-epigenome.s3.us-east-2.amazonaws.com/ChIP/bam/INPUT/ChIP_INPUT_P_14_22.bam,https://aldiri-2017-retina-epigenome.s3.us-east-2.amazonaws.com/ChIP/bam/INPUT/ChIP_INPUT_P_14_22.bam.bai,https://aldiri-2017-retina-epigenome.s3.us-east-2.amazonaws.com/ChIP/bigwig/ChIP_INPUT_P_14_22.bw
SRR4252658,ChIP_BRD4_P_21_1,P_21_1,ChIP,WT,BRD4,retina,mm10,https://aldiri-2017-retina-epigenome.s3.us-east-2.amazonaws.com/ChIP/bam/BRD4/ChIP_BRD4_P_21_1.bam,https://aldiri-2017-retina-epigenome.s3.us-east-2.amazonaws.com/ChIP/bam/BRD4/ChIP_BRD4_P_21_1.bam.bai,https://aldiri-2017-retina-epigenome.s3.us-east-2.amazonaws.com/ChIP/bigwig/ChIP_BRD4_P_21_1.bw
SRR4252683,ChIP_CTCF_P_21_2,P_21_2,ChIP,WT,CTCF,retina,mm10,https://aldiri-2017-retina-epigenome.s3.us-east-2.amazonaws.com/ChIP/bam/CTCF/ChIP_CTCF_P_21_2.bam,https://aldiri-2017-retina-epigenome.s3.us-east-2.amazonaws.com/ChIP/bam/CTCF/ChIP_CTCF_P_21_2.bam.bai,https://aldiri-2017-retina-epigenome.s3.us-east-2.amazonaws.com/ChIP/bigwig/ChIP_CTCF_P_21_2.bw
SRR4252684,ChIP_CTCF_P_21_3,P_21_3,ChIP,WT,CTCF,retina,mm10,https://aldiri-2017-retina-epigenome.s3.us-east-2.amazonaws.com/ChIP/bam/CTCF/ChIP_CTCF_P_21_3.bam,https://aldiri-2017-retina-epigenome.s3.us-east-2.amazonaws.com/ChIP/bam/CTCF/ChIP_CTCF_P_21_3.bam.bai,https://aldiri-2017-retina-epigenome.s3.us-east-2.amazonaws.com/ChIP/bigwig/ChIP_CTCF_P_21_3.bw
SRR4252685,ChIP_CTCF_P_21_4,P_21_4,ChIP,WT,CTCF,retina,mm10,https://aldiri-2017-retina-epigenome.s3.us-east-2.amazonaws.com/ChIP/bam/CTCF/ChIP_CTCF_P_21_4.bam,https://aldiri-2017-retina-epigenome.s3.us-east-2.amazonaws.com/ChIP/bam/CTCF/ChIP_CTCF_P_21_4.bam.bai,https://aldiri-2017-retina-epigenome.s3.us-east-2.amazonaws.com/ChIP/bigwig/ChIP_CTCF_P_21_4.bw
SRR4252712,ChIP_H3K27Ac_P_21_5,P_21_5,ChIP,WT,H3K27Ac,retina,mm10,https://aldiri-2017-retina-epigenome.s3.us-east-2.amazonaws.com/ChIP/bam/H3K27Ac/ChIP_H3K27Ac_P_21_5.bam,https://aldiri-2017-retina-epigenome.s3.us-east-2.amazonaws.com/ChIP/bam/H3K27Ac/ChIP_H3K27Ac_P_21_5.bam.bai,https://aldiri-2017-retina-epigenome.s3.us-east-2.amazonaws.com/ChIP/bigwig/ChIP_H3K27Ac_P_21_5.bw
SRR4252713,ChIP_H3K27Ac_P_21_6,P_21_6,ChIP,WT,H3K27Ac,retina,mm10,https://aldiri-2017-retina-epigenome.s3.us-east-2.amazonaws.com/ChIP/bam/H3K27Ac/ChIP_H3K27Ac_P_21_6.bam,https://aldiri-2017-retina-epigenome.s3.us-east-2.amazonaws.com/ChIP/bam/H3K27Ac/ChIP_H3K27Ac_P_21_6.bam.bai,https://aldiri-2017-retina-epigenome.s3.us-east-2.amazonaws.com/ChIP/bigwig/ChIP_H3K27Ac_P_21_6.bw
SRR4252740,ChIP_H3K27me3_P_21_7,P_21_7,ChIP,WT,H3K27me3,retina,mm10,https://aldiri-2017-retina-epigenome.s3.us-east-2.amazonaws.com/ChIP/bam/H3K27me3/ChIP_H3K27me3_P_21_7.bam,https://aldiri-2017-retina-epigenome.s3.us-east-2.amazonaws.com/ChIP/bam/H3K27me3/ChIP_H3K27me3_P_21_7.bam.bai,https://aldiri-2017-retina-epigenome.s3.us-east-2.amazonaws.com/ChIP/bigwig/ChIP_H3K27me3_P_21_7.bw
SRR4252741,ChIP_H3K27me3_P_21_8,P_21_8,ChIP,WT,H3K27me3,retina,mm10,https://aldiri-2017-retina-epigenome.s3.us-east-2.amazonaws.com/ChIP/bam/H3K27me3/ChIP_H3K27me3_P_21_8.bam,https://aldiri-2017-retina-epigenome.s3.us-east-2.amazonaws.com/ChIP/bam/H3K27me3/ChIP_H3K27me3_P_21_8.bam.bai,https://aldiri-2017-retina-epigenome.s3.us-east-2.amazonaws.com/ChIP/bigwig/ChIP_H3K27me3_P_21_8.bw
SRR4252770,ChIP_H3K36me3_P_21_9,P_21_9,ChIP,WT,H3K36me3,retina,mm10,https://aldiri-2017-retina-epigenome.s3.us-east-2.amazonaws.com/ChIP/bam/H3K36me3/ChIP_H3K36me3_P_21_9.bam,https://aldiri-2017-retina-epigenome.s3.us-east-2.amazonaws.com/ChIP/bam/H3K36me3/ChIP_H3K36me3_P_21_9.bam.bai,https://aldiri-2017-retina-epigenome.s3.us-east-2.amazonaws.com/ChIP/bigwig/ChIP_H3K36me3_P_21_9.bw
SRR4252771,ChIP_H3K36me3_P_21_10,P_21_10,ChIP,WT,H3K36me3,retina,mm10,https://aldiri-2017-retina-epigenome.s3.us-east-2.amazonaws.com/ChIP/bam/H3K36me3/ChIP_H3K36me3_P_21_10.bam,https://aldiri-2017-retina-epigenome.s3.us-east-2.amazonaws.com/ChIP/bam/H3K36me3/ChIP_H3K36me3_P_21_10.bam.bai,https://aldiri-2017-retina-epigenome.s3.us-east-2.amazonaws.com/ChIP/bigwig/ChIP_H3K36me3_P_21_10.bw
SRR4252798,ChIP_H3K4me1_P_21_11,P_21_11,ChIP,WT,H3K4me1,retina,mm10,https://aldiri-2017-retina-epigenome.s3.us-east-2.amazonaws.com/ChIP/bam/H3K4me1/ChIP_H3K4me1_P_21_11.bam,https://aldiri-2017-retina-epigenome.s3.us-east-2.amazonaws.com/ChIP/bam/H3K4me1/ChIP_H3K4me1_P_21_11.bam.bai,https://aldiri-2017-retina-epigenome.s3.us-east-2.amazonaws.com/ChIP/bigwig/ChIP_H3K4me1_P_21_11.bw
SRR4252799,ChIP_H3K4me1_P_21_12,P_21_12,ChIP,WT,H3K4me1,retina,mm10,https://aldiri-2017-retina-epigenome.s3.us-east-2.amazonaws.com/ChIP/bam/H3K4me1/ChIP_H3K4me1_P_21_12.bam,https://aldiri-2017-retina-epigenome.s3.us-east-2.amazonaws.com/ChIP/bam/H3K4me1/ChIP_H3K4me1_P_21_12.bam.bai,https://aldiri-2017-retina-epigenome.s3.us-east-2.amazonaws.com/ChIP/bigwig/ChIP_H3K4me1_P_21_12.bw
SRR4252826,ChIP_H3K4me2_P_21_13,P_21_13,ChIP,WT,H3K4me2,retina,mm10,https://aldiri-2017-retina-epigenome.s3.us-east-2.amazonaws.com/ChIP/bam/H3K4me2/ChIP_H3K4me2_P_21_13.bam,https://aldiri-2017-retina-epigenome.s3.us-east-2.amazonaws.com/ChIP/bam/H3K4me2/ChIP_H3K4me2_P_21_13.bam.bai,https://aldiri-2017-retina-epigenome.s3.us-east-2.amazonaws.com/ChIP/bigwig/ChIP_H3K4me2_P_21_13.bw
SRR4252827,ChIP_H3K4me2_P_21_14,P_21_14,ChIP,WT,H3K4me2,retina,mm10,https://aldiri-2017-retina-epigenome.s3.us-east-2.amazonaws.com/ChIP/bam/H3K4me2/ChIP_H3K4me2_P_21_14.bam,https://aldiri-2017-retina-epigenome.s3.us-east-2.amazonaws.com/ChIP/bam/H3K4me2/ChIP_H3K4me2_P_21_14.bam.bai,https://aldiri-2017-retina-epigenome.s3.us-east-2.amazonaws.com/ChIP/bigwig/ChIP_H3K4me2_P_21_14.bw
SRR4252855,ChIP_H3K4me3_P_21_15,P_21_15,ChIP,WT,H3K4me3,retina,mm10,https://aldiri-2017-retina-epigenome.s3.us-east-2.amazonaws.com/ChIP/bam/H3K4me3/ChIP_H3K4me3_P_21_15.bam,https://aldiri-2017-retina-epigenome.s3.us-east-2.amazonaws.com/ChIP/bam/H3K4me3/ChIP_H3K4me3_P_21_15.bam.bai,https://aldiri-2017-retina-epigenome.s3.us-east-2.amazonaws.com/ChIP/bigwig/ChIP_H3K4me3_P_21_15.bw
SRR4252856,ChIP_H3K4me3_P_21_16,P_21_16,ChIP,WT,H3K4me3,retina,mm10,https://aldiri-2017-retina-epigenome.s3.us-east-2.amazonaws.com/ChIP/bam/H3K4me3/ChIP_H3K4me3_P_21_16.bam,https://aldiri-2017-retina-epigenome.s3.us-east-2.amazonaws.com/ChIP/bam/H3K4me3/ChIP_H3K4me3_P_21_16.bam.bai,https://aldiri-2017-retina-epigenome.s3.us-east-2.amazonaws.com/ChIP/bigwig/ChIP_H3K4me3_P_21_16.bw
SRR4252883,ChIP_H3K9-14Ac_P_21_17,P_21_17,ChIP,WT,H3K9-14Ac,retina,mm10,https://aldiri-2017-retina-epigenome.s3.us-east-2.amazonaws.com/ChIP/bam/H3K9-14Ac/ChIP_H3K9-14Ac_P_21_17.bam,https://aldiri-2017-retina-epigenome.s3.us-east-2.amazonaws.com/ChIP/bam/H3K9-14Ac/ChIP_H3K9-14Ac_P_21_17.bam.bai,https://aldiri-2017-retina-epigenome.s3.us-east-2.amazonaws.com/ChIP/bigwig/ChIP_H3K9-14Ac_P_21_17.bw
SRR4252884,ChIP_H3K9-14Ac_P_21_18,P_21_18,ChIP,WT,H3K9-14Ac,retina,mm10,https://aldiri-2017-retina-epigenome.s3.us-east-2.amazonaws.com/ChIP/bam/H3K9-14Ac/ChIP_H3K9-14Ac_P_21_18.bam,https://aldiri-2017-retina-epigenome.s3.us-east-2.amazonaws.com/ChIP/bam/H3K9-14Ac/ChIP_H3K9-14Ac_P_21_18.bam.bai,https://aldiri-2017-retina-epigenome.s3.us-east-2.amazonaws.com/ChIP/bigwig/ChIP_H3K9-14Ac_P_21_18.bw
SRR4252904,ChIP_H3K9me3_P_21_19,P_21_19,ChIP,WT,H3K9me3,retina,mm10,https://aldiri-2017-retina-epigenome.s3.us-east-2.amazonaws.com/ChIP/bam/H3K9me3/ChIP_H3K9me3_P_21_19.bam,https://aldiri-2017-retina-epigenome.s3.us-east-2.amazonaws.com/ChIP/bam/H3K9me3/ChIP_H3K9me3_P_21_19.bam.bai,https://aldiri-2017-retina-epigenome.s3.us-east-2.amazonaws.com/ChIP/bigwig/ChIP_H3K9me3_P_21_19.bw
SRR4252922,ChIP_RNAPolII_P_21_20,P_21_20,ChIP,WT,RNAPolll,retina,mm10,https://aldiri-2017-retina-epigenome.s3.us-east-2.amazonaws.com/ChIP/bam/RNAPolll/ChIP_RNAPolII_P_21_20.bam,https://aldiri-2017-retina-epigenome.s3.us-east-2.amazonaws.com/ChIP/bam/RNAPolll/ChIP_RNAPolII_P_21_20.bam.bai,https://aldiri-2017-retina-epigenome.s3.us-east-2.amazonaws.com/ChIP/bigwig/ChIP_RNAPolII_P_21_20.bw
SRR4252949,ChIP_INPUT_P_21_21,P_21_21,ChIP,WT,INPUT,retina,mm10,https://aldiri-2017-retina-epigenome.s3.us-east-2.amazonaws.com/ChIP/bam/INPUT/ChIP_INPUT_P_21_21.bam,https://aldiri-2017-retina-epigenome.s3.us-east-2.amazonaws.com/ChIP/bam/INPUT/ChIP_INPUT_P_21_21.bam.bai,https://aldiri-2017-retina-epigenome.s3.us-east-2.amazonaws.com/ChIP/bigwig/ChIP_INPUT_P_21_21.bw
SRR4252950,ChIP_INPUT_P_21_22,P_21_22,ChIP,WT,INPUT,retina,mm10,https://aldiri-2017-retina-epigenome.s3.us-east-2.amazonaws.com/ChIP/bam/INPUT/ChIP_INPUT_P_21_22.bam,https://aldiri-2017-retina-epigenome.s3.us-east-2.amazonaws.com/ChIP/bam/INPUT/ChIP_INPUT_P_21_22.bam.bai,https://aldiri-2017-retina-epigenome.s3.us-east-2.amazonaws.com/ChIP/bigwig/ChIP_INPUT_P_21_22.bw
SRR4252951,ChIP_INPUT_P_21_23,P_21_23,ChIP,WT,INPUT,retina,mm10,https://aldiri-2017-retina-epigenome.s3.us-east-2.amazonaws.com/ChIP/bam/INPUT/ChIP_INPUT_P_21_23.bam,https://aldiri-2017-retina-epigenome.s3.us-east-2.amazonaws.com/ChIP/bam/INPUT/ChIP_INPUT_P_21_23.bam.bai,https://aldiri-2017-retina-epigenome.s3.us-east-2.amazonaws.com/ChIP/bigwig/ChIP_INPUT_P_21_23.bw
SRR4252653,ChIP_BRD4_P_3_1,P_3_1,ChIP,WT,BRD4,retina,mm10,https://aldiri-2017-retina-epigenome.s3.us-east-2.amazonaws.com/ChIP/bam/BRD4/ChIP_BRD4_P_3_1.bam,https://aldiri-2017-retina-epigenome.s3.us-east-2.amazonaws.com/ChIP/bam/BRD4/ChIP_BRD4_P_3_1.bam.bai,https://aldiri-2017-retina-epigenome.s3.us-east-2.amazonaws.com/ChIP/bigwig/ChIP_BRD4_P_3_1.bw
SRR4252675,ChIP_CTCF_P_3_2,P_3_2,ChIP,WT,CTCF,retina,mm10,https://aldiri-2017-retina-epigenome.s3.us-east-2.amazonaws.com/ChIP/bam/CTCF/ChIP_CTCF_P_3_2.bam,https://aldiri-2017-retina-epigenome.s3.us-east-2.amazonaws.com/ChIP/bam/CTCF/ChIP_CTCF_P_3_2.bam.bai,https://aldiri-2017-retina-epigenome.s3.us-east-2.amazonaws.com/ChIP/bigwig/ChIP_CTCF_P_3_2.bw
SRR4252676,ChIP_CTCF_P_3_3,P_3_3,ChIP,WT,CTCF,retina,mm10,https://aldiri-2017-retina-epigenome.s3.us-east-2.amazonaws.com/ChIP/bam/CTCF/ChIP_CTCF_P_3_3.bam,https://aldiri-2017-retina-epigenome.s3.us-east-2.amazonaws.com/ChIP/bam/CTCF/ChIP_CTCF_P_3_3.bam.bai,https://aldiri-2017-retina-epigenome.s3.us-east-2.amazonaws.com/ChIP/bigwig/ChIP_CTCF_P_3_3.bw
SRR4252704,ChIP_H3K27Ac_P_3_4,P_3_4,ChIP,WT,H3K27Ac,retina,mm10,https://aldiri-2017-retina-epigenome.s3.us-east-2.amazonaws.com/ChIP/bam/H3K27Ac/ChIP_H3K27Ac_P_3_4.bam,https://aldiri-2017-retina-epigenome.s3.us-east-2.amazonaws.com/ChIP/bam/H3K27Ac/ChIP_H3K27Ac_P_3_4.bam.bai,https://aldiri-2017-retina-epigenome.s3.us-east-2.amazonaws.com/ChIP/bigwig/ChIP_H3K27Ac_P_3_4.bw
SRR4252705,ChIP_H3K27Ac_P_3_5,P_3_5,ChIP,WT,H3K27Ac,retina,mm10,https://aldiri-2017-retina-epigenome.s3.us-east-2.amazonaws.com/ChIP/bam/H3K27Ac/ChIP_H3K27Ac_P_3_5.bam,https://aldiri-2017-retina-epigenome.s3.us-east-2.amazonaws.com/ChIP/bam/H3K27Ac/ChIP_H3K27Ac_P_3_5.bam.bai,https://aldiri-2017-retina-epigenome.s3.us-east-2.amazonaws.com/ChIP/bigwig/ChIP_H3K27Ac_P_3_5.bw
SRR4252732,ChIP_H3K27me3_P_3_6,P_3_6,ChIP,WT,H3K27me3,retina,mm10,https://aldiri-2017-retina-epigenome.s3.us-east-2.amazonaws.com/ChIP/bam/H3K27me3/ChIP_H3K27me3_P_3_6.bam,https://aldiri-2017-retina-epigenome.s3.us-east-2.amazonaws.com/ChIP/bam/H3K27me3/ChIP_H3K27me3_P_3_6.bam.bai,https://aldiri-2017-retina-epigenome.s3.us-east-2.amazonaws.com/ChIP/bigwig/ChIP_H3K27me3_P_3_6.bw
SRR4252733,ChIP_H3K27me3_P_3_7,P_3_7,ChIP,WT,H3K27me3,retina,mm10,https://aldiri-2017-retina-epigenome.s3.us-east-2.amazonaws.com/ChIP/bam/H3K27me3/ChIP_H3K27me3_P_3_7.bam,https://aldiri-2017-retina-epigenome.s3.us-east-2.amazonaws.com/ChIP/bam/H3K27me3/ChIP_H3K27me3_P_3_7.bam.bai,https://aldiri-2017-retina-epigenome.s3.us-east-2.amazonaws.com/ChIP/bigwig/ChIP_H3K27me3_P_3_7.bw
SRR4252762,ChIP_H3K36me3_P_3_8,P_3_8,ChIP,WT,H3K36me3,retina,mm10,https://aldiri-2017-retina-epigenome.s3.us-east-2.amazonaws.com/ChIP/bam/H3K36me3/ChIP_H3K36me3_P_3_8.bam,https://aldiri-2017-retina-epigenome.s3.us-east-2.amazonaws.com/ChIP/bam/H3K36me3/ChIP_H3K36me3_P_3_8.bam.bai,https://aldiri-2017-retina-epigenome.s3.us-east-2.amazonaws.com/ChIP/bigwig/ChIP_H3K36me3_P_3_8.bw
SRR4252763,ChIP_H3K36me3_P_3_9,P_3_9,ChIP,WT,H3K36me3,retina,mm10,https://aldiri-2017-retina-epigenome.s3.us-east-2.amazonaws.com/ChIP/bam/H3K36me3/ChIP_H3K36me3_P_3_9.bam,https://aldiri-2017-retina-epigenome.s3.us-east-2.amazonaws.com/ChIP/bam/H3K36me3/ChIP_H3K36me3_P_3_9.bam.bai,https://aldiri-2017-retina-epigenome.s3.us-east-2.amazonaws.com/ChIP/bigwig/ChIP_H3K36me3_P_3_9.bw
SRR4252790,ChIP_H3K4me1_P_3_10,P_3_10,ChIP,WT,H3K4me1,retina,mm10,https://aldiri-2017-retina-epigenome.s3.us-east-2.amazonaws.com/ChIP/bam/H3K4me1/ChIP_H3K4me1_P_3_10.bam,https://aldiri-2017-retina-epigenome.s3.us-east-2.amazonaws.com/ChIP/bam/H3K4me1/ChIP_H3K4me1_P_3_10.bam.bai,https://aldiri-2017-retina-epigenome.s3.us-east-2.amazonaws.com/ChIP/bigwig/ChIP_H3K4me1_P_3_10.bw
SRR4252791,ChIP_H3K4me1_P_3_11,P_3_11,ChIP,WT,H3K4me1,retina,mm10,https://aldiri-2017-retina-epigenome.s3.us-east-2.amazonaws.com/ChIP/bam/H3K4me1/ChIP_H3K4me1_P_3_11.bam,https://aldiri-2017-retina-epigenome.s3.us-east-2.amazonaws.com/ChIP/bam/H3K4me1/ChIP_H3K4me1_P_3_11.bam.bai,https://aldiri-2017-retina-epigenome.s3.us-east-2.amazonaws.com/ChIP/bigwig/ChIP_H3K4me1_P_3_11.bw
SRR4252817,ChIP_H3K4me2_P_3_12,P_3_12,ChIP,WT,H3K4me2,retina,mm10,https://aldiri-2017-retina-epigenome.s3.us-east-2.amazonaws.com/ChIP/bam/H3K4me2/ChIP_H3K4me2_P_3_12.bam,https://aldiri-2017-retina-epigenome.s3.us-east-2.amazonaws.com/ChIP/bam/H3K4me2/ChIP_H3K4me2_P_3_12.bam.bai,https://aldiri-2017-retina-epigenome.s3.us-east-2.amazonaws.com/ChIP/bigwig/ChIP_H3K4me2_P_3_12.bw
SRR4252818,ChIP_H3K4me2_P_3_13,P_3_13,ChIP,WT,H3K4me2,retina,mm10,https://aldiri-2017-retina-epigenome.s3.us-east-2.amazonaws.com/ChIP/bam/H3K4me2/ChIP_H3K4me2_P_3_13.bam,https://aldiri-2017-retina-epigenome.s3.us-east-2.amazonaws.com/ChIP/bam/H3K4me2/ChIP_H3K4me2_P_3_13.bam.bai,https://aldiri-2017-retina-epigenome.s3.us-east-2.amazonaws.com/ChIP/bigwig/ChIP_H3K4me2_P_3_13.bw
SRR4252846,ChIP_H3K4me3_P_3_14,P_3_14,ChIP,WT,H3K4me3,retina,mm10,https://aldiri-2017-retina-epigenome.s3.us-east-2.amazonaws.com/ChIP/bam/H3K4me3/ChIP_H3K4me3_P_3_14.bam,https://aldiri-2017-retina-epigenome.s3.us-east-2.amazonaws.com/ChIP/bam/H3K4me3/ChIP_H3K4me3_P_3_14.bam.bai,https://aldiri-2017-retina-epigenome.s3.us-east-2.amazonaws.com/ChIP/bigwig/ChIP_H3K4me3_P_3_14.bw
SRR4252847,ChIP_H3K4me3_P_3_15,P_3_15,ChIP,WT,H3K4me3,retina,mm10,https://aldiri-2017-retina-epigenome.s3.us-east-2.amazonaws.com/ChIP/bam/H3K4me3/ChIP_H3K4me3_P_3_15.bam,https://aldiri-2017-retina-epigenome.s3.us-east-2.amazonaws.com/ChIP/bam/H3K4me3/ChIP_H3K4me3_P_3_15.bam.bai,https://aldiri-2017-retina-epigenome.s3.us-east-2.amazonaws.com/ChIP/bigwig/ChIP_H3K4me3_P_3_15.bw
SRR4252875,ChIP_H3K9-14Ac_P_3_16,P_3_16,ChIP,WT,H3K9-14Ac,retina,mm10,https://aldiri-2017-retina-epigenome.s3.us-east-2.amazonaws.com/ChIP/bam/H3K9-14Ac/ChIP_H3K9-14Ac_P_3_16.bam,https://aldiri-2017-retina-epigenome.s3.us-east-2.amazonaws.com/ChIP/bam/H3K9-14Ac/ChIP_H3K9-14Ac_P_3_16.bam.bai,https://aldiri-2017-retina-epigenome.s3.us-east-2.amazonaws.com/ChIP/bigwig/ChIP_H3K9-14Ac_P_3_16.bw
SRR4252876,ChIP_H3K9-14Ac_P_3_17,P_3_17,ChIP,WT,H3K9-14Ac,retina,mm10,https://aldiri-2017-retina-epigenome.s3.us-east-2.amazonaws.com/ChIP/bam/H3K9-14Ac/ChIP_H3K9-14Ac_P_3_17.bam,https://aldiri-2017-retina-epigenome.s3.us-east-2.amazonaws.com/ChIP/bam/H3K9-14Ac/ChIP_H3K9-14Ac_P_3_17.bam.bai,https://aldiri-2017-retina-epigenome.s3.us-east-2.amazonaws.com/ChIP/bigwig/ChIP_H3K9-14Ac_P_3_17.bw
SRR4252900,ChIP_H3K9me3_P_3_18,P_3_18,ChIP,WT,H3K9me3,retina,mm10,https://aldiri-2017-retina-epigenome.s3.us-east-2.amazonaws.com/ChIP/bam/H3K9me3/ChIP_H3K9me3_P_3_18.bam,https://aldiri-2017-retina-epigenome.s3.us-east-2.amazonaws.com/ChIP/bam/H3K9me3/ChIP_H3K9me3_P_3_18.bam.bai,https://aldiri-2017-retina-epigenome.s3.us-east-2.amazonaws.com/ChIP/bigwig/ChIP_H3K9me3_P_3_18.bw
SRR4252918,ChIP_RNAPolII_P_3_19,P_3_19,ChIP,WT,RNAPolll,retina,mm10,https://aldiri-2017-retina-epigenome.s3.us-east-2.amazonaws.com/ChIP/bam/RNAPolll/ChIP_RNAPolII_P_3_19.bam,https://aldiri-2017-retina-epigenome.s3.us-east-2.amazonaws.com/ChIP/bam/RNAPolll/ChIP_RNAPolII_P_3_19.bam.bai,https://aldiri-2017-retina-epigenome.s3.us-east-2.amazonaws.com/ChIP/bigwig/ChIP_RNAPolII_P_3_19.bw
SRR4252939,ChIP_INPUT_P_3_20,P_3_20,ChIP,WT,INPUT,retina,mm10,https://aldiri-2017-retina-epigenome.s3.us-east-2.amazonaws.com/ChIP/bam/INPUT/ChIP_INPUT_P_3_20.bam,https://aldiri-2017-retina-epigenome.s3.us-east-2.amazonaws.com/ChIP/bam/INPUT/ChIP_INPUT_P_3_20.bam.bai,https://aldiri-2017-retina-epigenome.s3.us-east-2.amazonaws.com/ChIP/bigwig/ChIP_INPUT_P_3_20.bw
SRR4252940,ChIP_INPUT_P_3_21,P_3_21,ChIP,WT,INPUT,retina,mm10,https://aldiri-2017-retina-epigenome.s3.us-east-2.amazonaws.com/ChIP/bam/INPUT/ChIP_INPUT_P_3_21.bam,https://aldiri-2017-retina-epigenome.s3.us-east-2.amazonaws.com/ChIP/bam/INPUT/ChIP_INPUT_P_3_21.bam.bai,https://aldiri-2017-retina-epigenome.s3.us-east-2.amazonaws.com/ChIP/bigwig/ChIP_INPUT_P_3_21.bw
SRR4252655,ChIP_BRD4_P_7_1,P_7_1,ChIP,WT,BRD4,retina,mm10,https://aldiri-2017-retina-epigenome.s3.us-east-2.amazonaws.com/ChIP/bam/BRD4/ChIP_BRD4_P_7_1.bam,https://aldiri-2017-retina-epigenome.s3.us-east-2.amazonaws.com/ChIP/bam/BRD4/ChIP_BRD4_P_7_1.bam.bai,https://aldiri-2017-retina-epigenome.s3.us-east-2.amazonaws.com/ChIP/bigwig/ChIP_BRD4_P_7_1.bw
SRR4252677,ChIP_CTCF_P_7_2,P_7_2,ChIP,WT,CTCF,retina,mm10,https://aldiri-2017-retina-epigenome.s3.us-east-2.amazonaws.com/ChIP/bam/CTCF/ChIP_CTCF_P_7_2.bam,https://aldiri-2017-retina-epigenome.s3.us-east-2.amazonaws.com/ChIP/bam/CTCF/ChIP_CTCF_P_7_2.bam.bai,https://aldiri-2017-retina-epigenome.s3.us-east-2.amazonaws.com/ChIP/bigwig/ChIP_CTCF_P_7_2.bw
SRR4252678,ChIP_CTCF_P_7_3,P_7_3,ChIP,WT,CTCF,retina,mm10,https://aldiri-2017-retina-epigenome.s3.us-east-2.amazonaws.com/ChIP/bam/CTCF/ChIP_CTCF_P_7_3.bam,https://aldiri-2017-retina-epigenome.s3.us-east-2.amazonaws.com/ChIP/bam/CTCF/ChIP_CTCF_P_7_3.bam.bai,https://aldiri-2017-retina-epigenome.s3.us-east-2.amazonaws.com/ChIP/bigwig/ChIP_CTCF_P_7_3.bw
SRR4252706,ChIP_H3K27Ac_P_7_4,P_7_4,ChIP,WT,H3K27Ac,retina,mm10,https://aldiri-2017-retina-epigenome.s3.us-east-2.amazonaws.com/ChIP/bam/H3K27Ac/ChIP_H3K27Ac_P_7_4.bam,https://aldiri-2017-retina-epigenome.s3.us-east-2.amazonaws.com/ChIP/bam/H3K27Ac/ChIP_H3K27Ac_P_7_4.bam.bai,https://aldiri-2017-retina-epigenome.s3.us-east-2.amazonaws.com/ChIP/bigwig/ChIP_H3K27Ac_P_7_4.bw
SRR4252707,ChIP_H3K27Ac_P_7_5,P_7_5,ChIP,WT,H3K27Ac,retina,mm10,https://aldiri-2017-retina-epigenome.s3.us-east-2.amazonaws.com/ChIP/bam/H3K27Ac/ChIP_H3K27Ac_P_7_5.bam,https://aldiri-2017-retina-epigenome.s3.us-east-2.amazonaws.com/ChIP/bam/H3K27Ac/ChIP_H3K27Ac_P_7_5.bam.bai,https://aldiri-2017-retina-epigenome.s3.us-east-2.amazonaws.com/ChIP/bigwig/ChIP_H3K27Ac_P_7_5.bw
SRR4252734,ChIP_H3K27me3_P_7_6,P_7_6,ChIP,WT,H3K27me3,retina,mm10,https://aldiri-2017-retina-epigenome.s3.us-east-2.amazonaws.com/ChIP/bam/H3K27me3/ChIP_H3K27me3_P_7_6.bam,https://aldiri-2017-retina-epigenome.s3.us-east-2.amazonaws.com/ChIP/bam/H3K27me3/ChIP_H3K27me3_P_7_6.bam.bai,https://aldiri-2017-retina-epigenome.s3.us-east-2.amazonaws.com/ChIP/bigwig/ChIP_H3K27me3_P_7_6.bw
SRR4252735,ChIP_H3K27me3_P_7_7,P_7_7,ChIP,WT,H3K27me3,retina,mm10,https://aldiri-2017-retina-epigenome.s3.us-east-2.amazonaws.com/ChIP/bam/H3K27me3/ChIP_H3K27me3_P_7_7.bam,https://aldiri-2017-retina-epigenome.s3.us-east-2.amazonaws.com/ChIP/bam/H3K27me3/ChIP_H3K27me3_P_7_7.bam.bai,https://aldiri-2017-retina-epigenome.s3.us-east-2.amazonaws.com/ChIP/bigwig/ChIP_H3K27me3_P_7_7.bw
SRR4252764,ChIP_H3K36me3_P_7_8,P_7_8,ChIP,WT,H3K36me3,retina,mm10,https://aldiri-2017-retina-epigenome.s3.us-east-2.amazonaws.com/ChIP/bam/H3K36me3/ChIP_H3K36me3_P_7_8.bam,https://aldiri-2017-retina-epigenome.s3.us-east-2.amazonaws.com/ChIP/bam/H3K36me3/ChIP_H3K36me3_P_7_8.bam.bai,https://aldiri-2017-retina-epigenome.s3.us-east-2.amazonaws.com/ChIP/bigwig/ChIP_H3K36me3_P_7_8.bw
SRR4252765,ChIP_H3K36me3_P_7_9,P_7_9,ChIP,WT,H3K36me3,retina,mm10,https://aldiri-2017-retina-epigenome.s3.us-east-2.amazonaws.com/ChIP/bam/H3K36me3/ChIP_H3K36me3_P_7_9.bam,https://aldiri-2017-retina-epigenome.s3.us-east-2.amazonaws.com/ChIP/bam/H3K36me3/ChIP_H3K36me3_P_7_9.bam.bai,https://aldiri-2017-retina-epigenome.s3.us-east-2.amazonaws.com/ChIP/bigwig/ChIP_H3K36me3_P_7_9.bw
SRR4252792,ChIP_H3K4me1_P_7_10,P_7_10,ChIP,WT,H3K4me1,retina,mm10,https://aldiri-2017-retina-epigenome.s3.us-east-2.amazonaws.com/ChIP/bam/H3K4me1/ChIP_H3K4me1_P_7_10.bam,https://aldiri-2017-retina-epigenome.s3.us-east-2.amazonaws.com/ChIP/bam/H3K4me1/ChIP_H3K4me1_P_7_10.bam.bai,https://aldiri-2017-retina-epigenome.s3.us-east-2.amazonaws.com/ChIP/bigwig/ChIP_H3K4me1_P_7_10.bw
SRR4252793,ChIP_H3K4me1_P_7_11,P_7_11,ChIP,WT,H3K4me1,retina,mm10,https://aldiri-2017-retina-epigenome.s3.us-east-2.amazonaws.com/ChIP/bam/H3K4me1/ChIP_H3K4me1_P_7_11.bam,https://aldiri-2017-retina-epigenome.s3.us-east-2.amazonaws.com/ChIP/bam/H3K4me1/ChIP_H3K4me1_P_7_11.bam.bai,https://aldiri-2017-retina-epigenome.s3.us-east-2.amazonaws.com/ChIP/bigwig/ChIP_H3K4me1_P_7_11.bw
SRR4252819,ChIP_H3K4me2_P_7_12,P_7_12,ChIP,WT,H3K4me2,retina,mm10,https://aldiri-2017-retina-epigenome.s3.us-east-2.amazonaws.com/ChIP/bam/H3K4me2/ChIP_H3K4me2_P_7_12.bam,https://aldiri-2017-retina-epigenome.s3.us-east-2.amazonaws.com/ChIP/bam/H3K4me2/ChIP_H3K4me2_P_7_12.bam.bai,https://aldiri-2017-retina-epigenome.s3.us-east-2.amazonaws.com/ChIP/bigwig/ChIP_H3K4me2_P_7_12.bw
SRR4252820,ChIP_H3K4me2_P_7_13,P_7_13,ChIP,WT,H3K4me2,retina,mm10,https://aldiri-2017-retina-epigenome.s3.us-east-2.amazonaws.com/ChIP/bam/H3K4me2/ChIP_H3K4me2_P_7_13.bam,https://aldiri-2017-retina-epigenome.s3.us-east-2.amazonaws.com/ChIP/bam/H3K4me2/ChIP_H3K4me2_P_7_13.bam.bai,https://aldiri-2017-retina-epigenome.s3.us-east-2.amazonaws.com/ChIP/bigwig/ChIP_H3K4me2_P_7_13.bw
SRR4252848,ChIP_H3K4me3_P_7_14,P_7_14,ChIP,WT,H3K4me3,retina,mm10,https://aldiri-2017-retina-epigenome.s3.us-east-2.amazonaws.com/ChIP/bam/H3K4me3/ChIP_H3K4me3_P_7_14.bam,https://aldiri-2017-retina-epigenome.s3.us-east-2.amazonaws.com/ChIP/bam/H3K4me3/ChIP_H3K4me3_P_7_14.bam.bai,https://aldiri-2017-retina-epigenome.s3.us-east-2.amazonaws.com/ChIP/bigwig/ChIP_H3K4me3_P_7_14.bw
SRR4252849,ChIP_H3K4me3_P_7_15,P_7_15,ChIP,WT,H3K4me3,retina,mm10,https://aldiri-2017-retina-epigenome.s3.us-east-2.amazonaws.com/ChIP/bam/H3K4me3/ChIP_H3K4me3_P_7_15.bam,https://aldiri-2017-retina-epigenome.s3.us-east-2.amazonaws.com/ChIP/bam/H3K4me3/ChIP_H3K4me3_P_7_15.bam.bai,https://aldiri-2017-retina-epigenome.s3.us-east-2.amazonaws.com/ChIP/bigwig/ChIP_H3K4me3_P_7_15.bw
SRR4252877,ChIP_H3K9-14Ac_P_7_16,P_7_16,ChIP,WT,H3K9-14Ac,retina,mm10,https://aldiri-2017-retina-epigenome.s3.us-east-2.amazonaws.com/ChIP/bam/H3K9-14Ac/ChIP_H3K9-14Ac_P_7_16.bam,https://aldiri-2017-retina-epigenome.s3.us-east-2.amazonaws.com/ChIP/bam/H3K9-14Ac/ChIP_H3K9-14Ac_P_7_16.bam.bai,https://aldiri-2017-retina-epigenome.s3.us-east-2.amazonaws.com/ChIP/bigwig/ChIP_H3K9-14Ac_P_7_16.bw
SRR4252878,ChIP_H3K9-14Ac_P_7_17,P_7_17,ChIP,WT,H3K9-14Ac,retina,mm10,https://aldiri-2017-retina-epigenome.s3.us-east-2.amazonaws.com/ChIP/bam/H3K9-14Ac/ChIP_H3K9-14Ac_P_7_17.bam,https://aldiri-2017-retina-epigenome.s3.us-east-2.amazonaws.com/ChIP/bam/H3K9-14Ac/ChIP_H3K9-14Ac_P_7_17.bam.bai,https://aldiri-2017-retina-epigenome.s3.us-east-2.amazonaws.com/ChIP/bigwig/ChIP_H3K9-14Ac_P_7_17.bw
SRR4252901,ChIP_H3K9me3_P_7_18,P_7_18,ChIP,WT,H3K9me3,retina,mm10,https://aldiri-2017-retina-epigenome.s3.us-east-2.amazonaws.com/ChIP/bam/H3K9me3/ChIP_H3K9me3_P_7_18.bam,https://aldiri-2017-retina-epigenome.s3.us-east-2.amazonaws.com/ChIP/bam/H3K9me3/ChIP_H3K9me3_P_7_18.bam.bai,https://aldiri-2017-retina-epigenome.s3.us-east-2.amazonaws.com/ChIP/bigwig/ChIP_H3K9me3_P_7_18.bw
SRR4252919,ChIP_RNAPolII_P_7_19,P_7_19,ChIP,WT,RNAPolll,retina,mm10,https://aldiri-2017-retina-epigenome.s3.us-east-2.amazonaws.com/ChIP/bam/RNAPolll/ChIP_RNAPolII_P_7_19.bam,https://aldiri-2017-retina-epigenome.s3.us-east-2.amazonaws.com/ChIP/bam/RNAPolll/ChIP_RNAPolII_P_7_19.bam.bai,https://aldiri-2017-retina-epigenome.s3.us-east-2.amazonaws.com/ChIP/bigwig/ChIP_RNAPolII_P_7_19.bw
SRR4252941,ChIP_INPUT_P_7_20,P_7_20,ChIP,WT,INPUT,retina,mm10,https://aldiri-2017-retina-epigenome.s3.us-east-2.amazonaws.com/ChIP/bam/INPUT/ChIP_INPUT_P_7_20.bam,https://aldiri-2017-retina-epigenome.s3.us-east-2.amazonaws.com/ChIP/bam/INPUT/ChIP_INPUT_P_7_20.bam.bai,https://aldiri-2017-retina-epigenome.s3.us-east-2.amazonaws.com/ChIP/bigwig/ChIP_INPUT_P_7_20.bw
SRR4252942,ChIP_INPUT_P_7_21,P_7_21,ChIP,WT,INPUT,retina,mm10,https://aldiri-2017-retina-epigenome.s3.us-east-2.amazonaws.com/ChIP/bam/INPUT/ChIP_INPUT_P_7_21.bam,https://aldiri-2017-retina-epigenome.s3.us-east-2.amazonaws.com/ChIP/bam/INPUT/ChIP_INPUT_P_7_21.bam.bai,https://aldiri-2017-retina-epigenome.s3.us-east-2.amazonaws.com/ChIP/bigwig/ChIP_INPUT_P_7_21.bw
SRR4252943,ChIP_INPUT_P_7_22,P_7_22,ChIP,WT,INPUT,retina,mm10,https://aldiri-2017-retina-epigenome.s3.us-east-2.amazonaws.com/ChIP/bam/INPUT/ChIP_INPUT_P_7_22.bam,https://aldiri-2017-retina-epigenome.s3.us-east-2.amazonaws.com/ChIP/bam/INPUT/ChIP_INPUT_P_7_22.bam.bai,https://aldiri-2017-retina-epigenome.s3.us-east-2.amazonaws.com/ChIP/bigwig/ChIP_INPUT_P_7_22.bw
